user_id,is_bot,followers_count,following_count,statuses_count,verified,created_at,text
u0,1,17,6869,59274,False,2023-01-01 02:00:08.868783359+00:00,buy now! http://spam.com #promo
u0,1,17,6869,59274,False,2023-01-01 02:00:16.447727591+00:00,buy now! http://spam.com #promo
u0,1,17,6869,59274,False,2023-01-01 02:00:19.201146374+00:00,buy now! http://spam.com #promo
u0,1,17,6869,59274,False,2023-01-01 02:00:29.006125187+00:00,buy now! http://spam.com #promo
u0,1,17,6869,59274,False,2023-01-01 02:00:37.095242802+00:00,buy now! http://spam.com #promo
u0,1,17,6869,59274,False,2023-01-01 02:00:45.383757244+00:00,buy now! http://spam.com #promo
u0,1,17,6869,59274,False,2023-01-01 02:00:48.408666305+00:00,buy now! http://spam.com #promo
u0,1,17,6869,59274,False,2023-01-01 02:00:54.011753808+00:00,buy now! http://spam.com #promo
u0,1,17,6869,59274,False,2023-01-01 02:00:58.978138001+00:00,buy now! http://spam.com #promo
u0,1,17,6869,59274,False,2023-01-01 02:01:08.392257911+00:00,buy now! http://spam.com #promo
u1,1,87,6907,58631,False,2023-01-01 02:00:08.582092906+00:00,buy now! http://spam.com #promo
u1,1,87,6907,58631,False,2023-01-01 02:00:14.129406496+00:00,buy now! http://spam.com #promo
u1,1,87,6907,58631,False,2023-01-01 02:00:17.947316270+00:00,buy now! http://spam.com #promo
u1,1,87,6907,58631,False,2023-01-01 02:00:24.383994566+00:00,buy now! http://spam.com #promo
u1,1,87,6907,58631,False,2023-01-01 02:00:26.894532614+00:00,buy now! http://spam.com #promo
u1,1,87,6907,58631,False,2023-01-01 02:00:35.515581989+00:00,buy now! http://spam.com #promo
u1,1,87,6907,58631,False,2023-01-01 02:00:42.568897181+00:00,buy now! http://spam.com #promo
u1,1,87,6907,58631,False,2023-01-01 02:00:50.633599101+00:00,buy now! http://spam.com #promo
u1,1,87,6907,58631,False,2023-01-01 02:00:55.469806846+00:00,buy now! http://spam.com #promo
u1,1,87,6907,58631,False,2023-01-01 02:01:05.235391041+00:00,buy now! http://spam.com #promo
u2,1,89,7465,60675,False,2023-01-01 02:00:03.557109662+00:00,buy now! http://spam.com #promo
u2,1,89,7465,60675,False,2023-01-01 02:00:09.290877691+00:00,buy now! http://spam.com #promo
u2,1,89,7465,60675,False,2023-01-01 02:00:11.641307817+00:00,buy now! http://spam.com #promo
u2,1,89,7465,60675,False,2023-01-01 02:00:14.875623753+00:00,buy now! http://spam.com #promo
u2,1,89,7465,60675,False,2023-01-01 02:00:22.340015378+00:00,buy now! http://spam.com #promo
u2,1,89,7465,60675,False,2023-01-01 02:00:30.298112625+00:00,buy now! http://spam.com #promo
u2,1,89,7465,60675,False,2023-01-01 02:00:40.038190484+00:00,buy now! http://spam.com #promo
u2,1,89,7465,60675,False,2023-01-01 02:00:44.644793349+00:00,buy now! http://spam.com #promo
u2,1,89,7465,60675,False,2023-01-01 02:00:49.608470997+00:00,buy now! http://spam.com #promo
u2,1,89,7465,60675,False,2023-01-01 02:00:55.364917487+00:00,buy now! http://spam.com #promo
u3,1,155,6978,31368,False,2023-01-01 02:00:03.039372042+00:00,buy now! http://spam.com #promo
u3,1,155,6978,31368,False,2023-01-01 02:00:08.845011451+00:00,buy now! http://spam.com #promo
u3,1,155,6978,31368,False,2023-01-01 02:00:12.660286243+00:00,buy now! http://spam.com #promo
u3,1,155,6978,31368,False,2023-01-01 02:00:20.018798200+00:00,buy now! http://spam.com #promo
u3,1,155,6978,31368,False,2023-01-01 02:00:25.516013550+00:00,buy now! http://spam.com #promo
u3,1,155,6978,31368,False,2023-01-01 02:00:34.177439118+00:00,buy now! http://spam.com #promo
u3,1,155,6978,31368,False,2023-01-01 02:00:41.779559934+00:00,buy now! http://spam.com #promo
u3,1,155,6978,31368,False,2023-01-01 02:00:46.278493065+00:00,buy now! http://spam.com #promo
u3,1,155,6978,31368,False,2023-01-01 02:00:54.936571476+00:00,buy now! http://spam.com #promo
u3,1,155,6978,31368,False,2023-01-01 02:01:03.374686335+00:00,buy now! http://spam.com #promo
u4,1,168,4937,73885,False,2023-01-01 02:00:07.459964031+00:00,buy now! http://spam.com #promo
u4,1,168,4937,73885,False,2023-01-01 02:00:10.577983899+00:00,buy now! http://spam.com #promo
u4,1,168,4937,73885,False,2023-01-01 02:00:14.177249518+00:00,buy now! http://spam.com #promo
u4,1,168,4937,73885,False,2023-01-01 02:00:16.236147676+00:00,buy now! http://spam.com #promo
u4,1,168,4937,73885,False,2023-01-01 02:00:24.531542696+00:00,buy now! http://spam.com #promo
u4,1,168,4937,73885,False,2023-01-01 02:00:31.850349548+00:00,buy now! http://spam.com #promo
u4,1,168,4937,73885,False,2023-01-01 02:00:39.491672577+00:00,buy now! http://spam.com #promo
u4,1,168,4937,73885,False,2023-01-01 02:00:47.737504825+00:00,buy now! http://spam.com #promo
u4,1,168,4937,73885,False,2023-01-01 02:00:53.408831029+00:00,buy now! http://spam.com #promo
u4,1,168,4937,73885,False,2023-01-01 02:00:59.958760596+00:00,buy now! http://spam.com #promo
u5,1,57,3186,28387,False,2023-01-01 02:00:02.916240588+00:00,buy now! http://spam.com #promo
u5,1,57,3186,28387,False,2023-01-01 02:00:10.263464282+00:00,buy now! http://spam.com #promo
u5,1,57,3186,28387,False,2023-01-01 02:00:16.032233931+00:00,buy now! http://spam.com #promo
u5,1,57,3186,28387,False,2023-01-01 02:00:22.554122782+00:00,buy now! http://spam.com #promo
u5,1,57,3186,28387,False,2023-01-01 02:00:30.674113641+00:00,buy now! http://spam.com #promo
u5,1,57,3186,28387,False,2023-01-01 02:00:37.751860201+00:00,buy now! http://spam.com #promo
u5,1,57,3186,28387,False,2023-01-01 02:00:44.180495406+00:00,buy now! http://spam.com #promo
u5,1,57,3186,28387,False,2023-01-01 02:00:50.654152691+00:00,buy now! http://spam.com #promo
u5,1,57,3186,28387,False,2023-01-01 02:00:55.085753475+00:00,buy now! http://spam.com #promo
u5,1,57,3186,28387,False,2023-01-01 02:00:57.332296151+00:00,buy now! http://spam.com #promo
u6,1,69,5183,78964,False,2023-01-01 02:00:05.268229149+00:00,buy now! http://spam.com #promo
u6,1,69,5183,78964,False,2023-01-01 02:00:14.095453735+00:00,buy now! http://spam.com #promo
u6,1,69,5183,78964,False,2023-01-01 02:00:17.966969621+00:00,buy now! http://spam.com #promo
u6,1,69,5183,78964,False,2023-01-01 02:00:20.433391554+00:00,buy now! http://spam.com #promo
u6,1,69,5183,78964,False,2023-01-01 02:00:24.684462690+00:00,buy now! http://spam.com #promo
u6,1,69,5183,78964,False,2023-01-01 02:00:29.033212752+00:00,buy now! http://spam.com #promo
u6,1,69,5183,78964,False,2023-01-01 02:00:36.328544869+00:00,buy now! http://spam.com #promo
u6,1,69,5183,78964,False,2023-01-01 02:00:42.784802087+00:00,buy now! http://spam.com #promo
u6,1,69,5183,78964,False,2023-01-01 02:00:51.055987759+00:00,buy now! http://spam.com #promo
u6,1,69,5183,78964,False,2023-01-01 02:00:58.370496081+00:00,buy now! http://spam.com #promo
u7,1,42,5045,44383,False,2023-01-01 02:00:08.512163077+00:00,buy now! http://spam.com #promo
u7,1,42,5045,44383,False,2023-01-01 02:00:11.847946436+00:00,buy now! http://spam.com #promo
u7,1,42,5045,44383,False,2023-01-01 02:00:14.029643021+00:00,buy now! http://spam.com #promo
u7,1,42,5045,44383,False,2023-01-01 02:00:16.750025907+00:00,buy now! http://spam.com #promo
u7,1,42,5045,44383,False,2023-01-01 02:00:24.528900711+00:00,buy now! http://spam.com #promo
u7,1,42,5045,44383,False,2023-01-01 02:00:30.223918553+00:00,buy now! http://spam.com #promo
u7,1,42,5045,44383,False,2023-01-01 02:00:33.514092785+00:00,buy now! http://spam.com #promo
u7,1,42,5045,44383,False,2023-01-01 02:00:39.522450985+00:00,buy now! http://spam.com #promo
u7,1,42,5045,44383,False,2023-01-01 02:00:42.740947806+00:00,buy now! http://spam.com #promo
u7,1,42,5045,44383,False,2023-01-01 02:00:50.311510806+00:00,buy now! http://spam.com #promo
u8,1,99,5230,29972,False,2023-01-01 02:00:04.412096713+00:00,buy now! http://spam.com #promo
u8,1,99,5230,29972,False,2023-01-01 02:00:11.454357457+00:00,buy now! http://spam.com #promo
u8,1,99,5230,29972,False,2023-01-01 02:00:16.348858341+00:00,buy now! http://spam.com #promo
u8,1,99,5230,29972,False,2023-01-01 02:00:19.050057695+00:00,buy now! http://spam.com #promo
u8,1,99,5230,29972,False,2023-01-01 02:00:21.994104911+00:00,buy now! http://spam.com #promo
u8,1,99,5230,29972,False,2023-01-01 02:00:31.689286227+00:00,buy now! http://spam.com #promo
u8,1,99,5230,29972,False,2023-01-01 02:00:40.957931752+00:00,buy now! http://spam.com #promo
u8,1,99,5230,29972,False,2023-01-01 02:00:48.555588822+00:00,buy now! http://spam.com #promo
u8,1,99,5230,29972,False,2023-01-01 02:00:52.682548513+00:00,buy now! http://spam.com #promo
u8,1,99,5230,29972,False,2023-01-01 02:01:02.435959531+00:00,buy now! http://spam.com #promo
u9,1,76,4317,66725,False,2023-01-01 02:00:07.735121513+00:00,buy now! http://spam.com #promo
u9,1,76,4317,66725,False,2023-01-01 02:00:13.330013530+00:00,buy now! http://spam.com #promo
u9,1,76,4317,66725,False,2023-01-01 02:00:17.507946024+00:00,buy now! http://spam.com #promo
u9,1,76,4317,66725,False,2023-01-01 02:00:20.279073721+00:00,buy now! http://spam.com #promo
u9,1,76,4317,66725,False,2023-01-01 02:00:29.499892893+00:00,buy now! http://spam.com #promo
u9,1,76,4317,66725,False,2023-01-01 02:00:35.146103211+00:00,buy now! http://spam.com #promo
u9,1,76,4317,66725,False,2023-01-01 02:00:38.765010129+00:00,buy now! http://spam.com #promo
u9,1,76,4317,66725,False,2023-01-01 02:00:43.212663122+00:00,buy now! http://spam.com #promo
u9,1,76,4317,66725,False,2023-01-01 02:00:49.846419673+00:00,buy now! http://spam.com #promo
u9,1,76,4317,66725,False,2023-01-01 02:00:53.260601936+00:00,buy now! http://spam.com #promo
u10,1,92,7283,21171,False,2023-01-01 02:00:07.755703647+00:00,buy now! http://spam.com #promo
u10,1,92,7283,21171,False,2023-01-01 02:00:13.212447965+00:00,buy now! http://spam.com #promo
u10,1,92,7283,21171,False,2023-01-01 02:00:20.230918690+00:00,buy now! http://spam.com #promo
u10,1,92,7283,21171,False,2023-01-01 02:00:26.903702441+00:00,buy now! http://spam.com #promo
u10,1,92,7283,21171,False,2023-01-01 02:00:34.102475253+00:00,buy now! http://spam.com #promo
u10,1,92,7283,21171,False,2023-01-01 02:00:36.778029822+00:00,buy now! http://spam.com #promo
u10,1,92,7283,21171,False,2023-01-01 02:00:42.104489039+00:00,buy now! http://spam.com #promo
u10,1,92,7283,21171,False,2023-01-01 02:00:44.437402429+00:00,buy now! http://spam.com #promo
u10,1,92,7283,21171,False,2023-01-01 02:00:50.389328982+00:00,buy now! http://spam.com #promo
u10,1,92,7283,21171,False,2023-01-01 02:00:55.028218680+00:00,buy now! http://spam.com #promo
u11,1,151,6302,28671,False,2023-01-01 02:00:02.827223741+00:00,buy now! http://spam.com #promo
u11,1,151,6302,28671,False,2023-01-01 02:00:09.528380318+00:00,buy now! http://spam.com #promo
u11,1,151,6302,28671,False,2023-01-01 02:00:12.893124066+00:00,buy now! http://spam.com #promo
u11,1,151,6302,28671,False,2023-01-01 02:00:22.294085013+00:00,buy now! http://spam.com #promo
u11,1,151,6302,28671,False,2023-01-01 02:00:28.942574130+00:00,buy now! http://spam.com #promo
u11,1,151,6302,28671,False,2023-01-01 02:00:33.717532566+00:00,buy now! http://spam.com #promo
u11,1,151,6302,28671,False,2023-01-01 02:00:40.444856497+00:00,buy now! http://spam.com #promo
u11,1,151,6302,28671,False,2023-01-01 02:00:42.627287465+00:00,buy now! http://spam.com #promo
u11,1,151,6302,28671,False,2023-01-01 02:00:52.295761170+00:00,buy now! http://spam.com #promo
u11,1,151,6302,28671,False,2023-01-01 02:00:58.154188665+00:00,buy now! http://spam.com #promo
u12,1,93,6913,23897,False,2023-01-01 02:00:05.893266646+00:00,buy now! http://spam.com #promo
u12,1,93,6913,23897,False,2023-01-01 02:00:11.818922600+00:00,buy now! http://spam.com #promo
u12,1,93,6913,23897,False,2023-01-01 02:00:21.321534239+00:00,buy now! http://spam.com #promo
u12,1,93,6913,23897,False,2023-01-01 02:00:27.895358658+00:00,buy now! http://spam.com #promo
u12,1,93,6913,23897,False,2023-01-01 02:00:33.683273866+00:00,buy now! http://spam.com #promo
u12,1,93,6913,23897,False,2023-01-01 02:00:37.819079170+00:00,buy now! http://spam.com #promo
u12,1,93,6913,23897,False,2023-01-01 02:00:42.471631148+00:00,buy now! http://spam.com #promo
u12,1,93,6913,23897,False,2023-01-01 02:00:48.637010367+00:00,buy now! http://spam.com #promo
u12,1,93,6913,23897,False,2023-01-01 02:00:54.148302049+00:00,buy now! http://spam.com #promo
u12,1,93,6913,23897,False,2023-01-01 02:00:56.321198688+00:00,buy now! http://spam.com #promo
u13,1,16,4818,69577,False,2023-01-01 02:00:09.169286174+00:00,buy now! http://spam.com #promo
u13,1,16,4818,69577,False,2023-01-01 02:00:12.291278885+00:00,buy now! http://spam.com #promo
u13,1,16,4818,69577,False,2023-01-01 02:00:18.723568033+00:00,buy now! http://spam.com #promo
u13,1,16,4818,69577,False,2023-01-01 02:00:21.592173962+00:00,buy now! http://spam.com #promo
u13,1,16,4818,69577,False,2023-01-01 02:00:28.970094706+00:00,buy now! http://spam.com #promo
u13,1,16,4818,69577,False,2023-01-01 02:00:33.219964976+00:00,buy now! http://spam.com #promo
u13,1,16,4818,69577,False,2023-01-01 02:00:40.495346053+00:00,buy now! http://spam.com #promo
u13,1,16,4818,69577,False,2023-01-01 02:00:48.311302967+00:00,buy now! http://spam.com #promo
u13,1,16,4818,69577,False,2023-01-01 02:00:56.460482902+00:00,buy now! http://spam.com #promo
u13,1,16,4818,69577,False,2023-01-01 02:00:59.322410469+00:00,buy now! http://spam.com #promo
u14,1,122,7580,78509,False,2023-01-01 02:00:02.299300449+00:00,buy now! http://spam.com #promo
u14,1,122,7580,78509,False,2023-01-01 02:00:08.738120204+00:00,buy now! http://spam.com #promo
u14,1,122,7580,78509,False,2023-01-01 02:00:13.705498474+00:00,buy now! http://spam.com #promo
u14,1,122,7580,78509,False,2023-01-01 02:00:22.343816419+00:00,buy now! http://spam.com #promo
u14,1,122,7580,78509,False,2023-01-01 02:00:30.809828195+00:00,buy now! http://spam.com #promo
u14,1,122,7580,78509,False,2023-01-01 02:00:35.346939337+00:00,buy now! http://spam.com #promo
u14,1,122,7580,78509,False,2023-01-01 02:00:44.970134497+00:00,buy now! http://spam.com #promo
u14,1,122,7580,78509,False,2023-01-01 02:00:49.297477202+00:00,buy now! http://spam.com #promo
u14,1,122,7580,78509,False,2023-01-01 02:00:55.417934235+00:00,buy now! http://spam.com #promo
u14,1,122,7580,78509,False,2023-01-01 02:00:59.465654959+00:00,buy now! http://spam.com #promo
u15,1,46,7956,76162,False,2023-01-01 02:00:03.316862540+00:00,buy now! http://spam.com #promo
u15,1,46,7956,76162,False,2023-01-01 02:00:05.676147495+00:00,buy now! http://spam.com #promo
u15,1,46,7956,76162,False,2023-01-01 02:00:11.156923975+00:00,buy now! http://spam.com #promo
u15,1,46,7956,76162,False,2023-01-01 02:00:21.095928487+00:00,buy now! http://spam.com #promo
u15,1,46,7956,76162,False,2023-01-01 02:00:30.229346617+00:00,buy now! http://spam.com #promo
u15,1,46,7956,76162,False,2023-01-01 02:00:38.218210772+00:00,buy now! http://spam.com #promo
u15,1,46,7956,76162,False,2023-01-01 02:00:47.344550699+00:00,buy now! http://spam.com #promo
u15,1,46,7956,76162,False,2023-01-01 02:00:56.492123816+00:00,buy now! http://spam.com #promo
u15,1,46,7956,76162,False,2023-01-01 02:01:02.642990699+00:00,buy now! http://spam.com #promo
u15,1,46,7956,76162,False,2023-01-01 02:01:07.170423113+00:00,buy now! http://spam.com #promo
u16,1,4,6860,40135,False,2023-01-01 02:00:04.989261830+00:00,buy now! http://spam.com #promo
u16,1,4,6860,40135,False,2023-01-01 02:00:07.744995174+00:00,buy now! http://spam.com #promo
u16,1,4,6860,40135,False,2023-01-01 02:00:15.719312064+00:00,buy now! http://spam.com #promo
u16,1,4,6860,40135,False,2023-01-01 02:00:19.818996191+00:00,buy now! http://spam.com #promo
u16,1,4,6860,40135,False,2023-01-01 02:00:29.313501395+00:00,buy now! http://spam.com #promo
u16,1,4,6860,40135,False,2023-01-01 02:00:33.241265995+00:00,buy now! http://spam.com #promo
u16,1,4,6860,40135,False,2023-01-01 02:00:36.223329454+00:00,buy now! http://spam.com #promo
u16,1,4,6860,40135,False,2023-01-01 02:00:44.872230830+00:00,buy now! http://spam.com #promo
u16,1,4,6860,40135,False,2023-01-01 02:00:48.098505362+00:00,buy now! http://spam.com #promo
u16,1,4,6860,40135,False,2023-01-01 02:00:51.532651827+00:00,buy now! http://spam.com #promo
u17,1,132,4836,55962,False,2023-01-01 02:00:08.996496326+00:00,buy now! http://spam.com #promo
u17,1,132,4836,55962,False,2023-01-01 02:00:12.567973651+00:00,buy now! http://spam.com #promo
u17,1,132,4836,55962,False,2023-01-01 02:00:17.050563034+00:00,buy now! http://spam.com #promo
u17,1,132,4836,55962,False,2023-01-01 02:00:25.269801739+00:00,buy now! http://spam.com #promo
u17,1,132,4836,55962,False,2023-01-01 02:00:35.044413147+00:00,buy now! http://spam.com #promo
u17,1,132,4836,55962,False,2023-01-01 02:00:41.050342636+00:00,buy now! http://spam.com #promo
u17,1,132,4836,55962,False,2023-01-01 02:00:44.201522656+00:00,buy now! http://spam.com #promo
u17,1,132,4836,55962,False,2023-01-01 02:00:46.313012957+00:00,buy now! http://spam.com #promo
u17,1,132,4836,55962,False,2023-01-01 02:00:50.150261196+00:00,buy now! http://spam.com #promo
u17,1,132,4836,55962,False,2023-01-01 02:00:53.204838938+00:00,buy now! http://spam.com #promo
u18,1,3,6388,78158,False,2023-01-01 02:00:06.050639452+00:00,buy now! http://spam.com #promo
u18,1,3,6388,78158,False,2023-01-01 02:00:13.604738937+00:00,buy now! http://spam.com #promo
u18,1,3,6388,78158,False,2023-01-01 02:00:20.253671810+00:00,buy now! http://spam.com #promo
u18,1,3,6388,78158,False,2023-01-01 02:00:23.851877023+00:00,buy now! http://spam.com #promo
u18,1,3,6388,78158,False,2023-01-01 02:00:32.284873232+00:00,buy now! http://spam.com #promo
u18,1,3,6388,78158,False,2023-01-01 02:00:40.008130268+00:00,buy now! http://spam.com #promo
u18,1,3,6388,78158,False,2023-01-01 02:00:47.920002299+00:00,buy now! http://spam.com #promo
u18,1,3,6388,78158,False,2023-01-01 02:00:50.968464311+00:00,buy now! http://spam.com #promo
u18,1,3,6388,78158,False,2023-01-01 02:00:53.958494740+00:00,buy now! http://spam.com #promo
u18,1,3,6388,78158,False,2023-01-01 02:01:03.378995148+00:00,buy now! http://spam.com #promo
u19,1,24,3404,43854,False,2023-01-01 02:00:04.407589534+00:00,buy now! http://spam.com #promo
u19,1,24,3404,43854,False,2023-01-01 02:00:10.316261896+00:00,buy now! http://spam.com #promo
u19,1,24,3404,43854,False,2023-01-01 02:00:17.619175598+00:00,buy now! http://spam.com #promo
u19,1,24,3404,43854,False,2023-01-01 02:00:27.264161654+00:00,buy now! http://spam.com #promo
u19,1,24,3404,43854,False,2023-01-01 02:00:31.555731469+00:00,buy now! http://spam.com #promo
u19,1,24,3404,43854,False,2023-01-01 02:00:40.954198903+00:00,buy now! http://spam.com #promo
u19,1,24,3404,43854,False,2023-01-01 02:00:43.153074834+00:00,buy now! http://spam.com #promo
u19,1,24,3404,43854,False,2023-01-01 02:00:49.594659172+00:00,buy now! http://spam.com #promo
u19,1,24,3404,43854,False,2023-01-01 02:00:56.666460065+00:00,buy now! http://spam.com #promo
u19,1,24,3404,43854,False,2023-01-01 02:00:59.513639295+00:00,buy now! http://spam.com #promo
u20,1,144,3701,64929,False,2023-01-01 02:00:09.729855297+00:00,buy now! http://spam.com #promo
u20,1,144,3701,64929,False,2023-01-01 02:00:16.498195722+00:00,buy now! http://spam.com #promo
u20,1,144,3701,64929,False,2023-01-01 02:00:25.962381494+00:00,buy now! http://spam.com #promo
u20,1,144,3701,64929,False,2023-01-01 02:00:34.397268818+00:00,buy now! http://spam.com #promo
u20,1,144,3701,64929,False,2023-01-01 02:00:40.136321630+00:00,buy now! http://spam.com #promo
u20,1,144,3701,64929,False,2023-01-01 02:00:48.414429224+00:00,buy now! http://spam.com #promo
u20,1,144,3701,64929,False,2023-01-01 02:00:50.557123495+00:00,buy now! http://spam.com #promo
u20,1,144,3701,64929,False,2023-01-01 02:00:53.430275469+00:00,buy now! http://spam.com #promo
u20,1,144,3701,64929,False,2023-01-01 02:01:02.065704388+00:00,buy now! http://spam.com #promo
u20,1,144,3701,64929,False,2023-01-01 02:01:10.440241094+00:00,buy now! http://spam.com #promo
u21,1,83,5315,33958,False,2023-01-01 02:00:06.246156724+00:00,buy now! http://spam.com #promo
u21,1,83,5315,33958,False,2023-01-01 02:00:13.094283289+00:00,buy now! http://spam.com #promo
u21,1,83,5315,33958,False,2023-01-01 02:00:22.036194919+00:00,buy now! http://spam.com #promo
u21,1,83,5315,33958,False,2023-01-01 02:00:28.861052177+00:00,buy now! http://spam.com #promo
u21,1,83,5315,33958,False,2023-01-01 02:00:34.161624731+00:00,buy now! http://spam.com #promo
u21,1,83,5315,33958,False,2023-01-01 02:00:39.155097078+00:00,buy now! http://spam.com #promo
u21,1,83,5315,33958,False,2023-01-01 02:00:44.562153768+00:00,buy now! http://spam.com #promo
u21,1,83,5315,33958,False,2023-01-01 02:00:51.777601972+00:00,buy now! http://spam.com #promo
u21,1,83,5315,33958,False,2023-01-01 02:01:00.717527026+00:00,buy now! http://spam.com #promo
u21,1,83,5315,33958,False,2023-01-01 02:01:06.348702082+00:00,buy now! http://spam.com #promo
u22,1,106,4239,36121,False,2023-01-01 02:00:07.968114241+00:00,buy now! http://spam.com #promo
u22,1,106,4239,36121,False,2023-01-01 02:00:16.500664348+00:00,buy now! http://spam.com #promo
u22,1,106,4239,36121,False,2023-01-01 02:00:19.342888986+00:00,buy now! http://spam.com #promo
u22,1,106,4239,36121,False,2023-01-01 02:00:21.875359841+00:00,buy now! http://spam.com #promo
u22,1,106,4239,36121,False,2023-01-01 02:00:28.630829151+00:00,buy now! http://spam.com #promo
u22,1,106,4239,36121,False,2023-01-01 02:00:31.800215104+00:00,buy now! http://spam.com #promo
u22,1,106,4239,36121,False,2023-01-01 02:00:40.397528627+00:00,buy now! http://spam.com #promo
u22,1,106,4239,36121,False,2023-01-01 02:00:44.880206018+00:00,buy now! http://spam.com #promo
u22,1,106,4239,36121,False,2023-01-01 02:00:48.031181481+00:00,buy now! http://spam.com #promo
u22,1,106,4239,36121,False,2023-01-01 02:00:57.398945260+00:00,buy now! http://spam.com #promo
u23,1,47,5992,29931,False,2023-01-01 02:00:04.277760658+00:00,buy now! http://spam.com #promo
u23,1,47,5992,29931,False,2023-01-01 02:00:07.506667819+00:00,buy now! http://spam.com #promo
u23,1,47,5992,29931,False,2023-01-01 02:00:10.430588328+00:00,buy now! http://spam.com #promo
u23,1,47,5992,29931,False,2023-01-01 02:00:12.599772458+00:00,buy now! http://spam.com #promo
u23,1,47,5992,29931,False,2023-01-01 02:00:15.042935731+00:00,buy now! http://spam.com #promo
u23,1,47,5992,29931,False,2023-01-01 02:00:18.440067498+00:00,buy now! http://spam.com #promo
u23,1,47,5992,29931,False,2023-01-01 02:00:20.867122959+00:00,buy now! http://spam.com #promo
u23,1,47,5992,29931,False,2023-01-01 02:00:27.596273487+00:00,buy now! http://spam.com #promo
u23,1,47,5992,29931,False,2023-01-01 02:00:35.041989701+00:00,buy now! http://spam.com #promo
u23,1,47,5992,29931,False,2023-01-01 02:00:40.191033355+00:00,buy now! http://spam.com #promo
u24,1,165,4589,79065,False,2023-01-01 02:00:09.000039537+00:00,buy now! http://spam.com #promo
u24,1,165,4589,79065,False,2023-01-01 02:00:17.809092551+00:00,buy now! http://spam.com #promo
u24,1,165,4589,79065,False,2023-01-01 02:00:20.156893047+00:00,buy now! http://spam.com #promo
u24,1,165,4589,79065,False,2023-01-01 02:00:23.608880323+00:00,buy now! http://spam.com #promo
u24,1,165,4589,79065,False,2023-01-01 02:00:27.502839291+00:00,buy now! http://spam.com #promo
u24,1,165,4589,79065,False,2023-01-01 02:00:31.497939897+00:00,buy now! http://spam.com #promo
u24,1,165,4589,79065,False,2023-01-01 02:00:38.067801110+00:00,buy now! http://spam.com #promo
u24,1,165,4589,79065,False,2023-01-01 02:00:43.397900515+00:00,buy now! http://spam.com #promo
u24,1,165,4589,79065,False,2023-01-01 02:00:45.791933474+00:00,buy now! http://spam.com #promo
u24,1,165,4589,79065,False,2023-01-01 02:00:50.780846581+00:00,buy now! http://spam.com #promo
u25,1,100,7629,51425,False,2023-01-01 02:00:02.813375223+00:00,buy now! http://spam.com #promo
u25,1,100,7629,51425,False,2023-01-01 02:00:11.481043653+00:00,buy now! http://spam.com #promo
u25,1,100,7629,51425,False,2023-01-01 02:00:13.896738584+00:00,buy now! http://spam.com #promo
u25,1,100,7629,51425,False,2023-01-01 02:00:23.295473536+00:00,buy now! http://spam.com #promo
u25,1,100,7629,51425,False,2023-01-01 02:00:26.088378668+00:00,buy now! http://spam.com #promo
u25,1,100,7629,51425,False,2023-01-01 02:00:34.836978280+00:00,buy now! http://spam.com #promo
u25,1,100,7629,51425,False,2023-01-01 02:00:44.058203431+00:00,buy now! http://spam.com #promo
u25,1,100,7629,51425,False,2023-01-01 02:00:53.894768875+00:00,buy now! http://spam.com #promo
u25,1,100,7629,51425,False,2023-01-01 02:01:02.310975917+00:00,buy now! http://spam.com #promo
u25,1,100,7629,51425,False,2023-01-01 02:01:10.546796243+00:00,buy now! http://spam.com #promo
u26,1,125,6212,56977,False,2023-01-01 02:00:03.076417667+00:00,buy now! http://spam.com #promo
u26,1,125,6212,56977,False,2023-01-01 02:00:09.364961954+00:00,buy now! http://spam.com #promo
u26,1,125,6212,56977,False,2023-01-01 02:00:15.478744915+00:00,buy now! http://spam.com #promo
u26,1,125,6212,56977,False,2023-01-01 02:00:24.339322067+00:00,buy now! http://spam.com #promo
u26,1,125,6212,56977,False,2023-01-01 02:00:30.041716991+00:00,buy now! http://spam.com #promo
u26,1,125,6212,56977,False,2023-01-01 02:00:35.122432959+00:00,buy now! http://spam.com #promo
u26,1,125,6212,56977,False,2023-01-01 02:00:42.238939128+00:00,buy now! http://spam.com #promo
u26,1,125,6212,56977,False,2023-01-01 02:00:46.370645668+00:00,buy now! http://spam.com #promo
u26,1,125,6212,56977,False,2023-01-01 02:00:49.488792955+00:00,buy now! http://spam.com #promo
u26,1,125,6212,56977,False,2023-01-01 02:00:55.311811147+00:00,buy now! http://spam.com #promo
u27,1,155,3825,45013,False,2023-01-01 02:00:03.860559524+00:00,buy now! http://spam.com #promo
u27,1,155,3825,45013,False,2023-01-01 02:00:08.800654004+00:00,buy now! http://spam.com #promo
u27,1,155,3825,45013,False,2023-01-01 02:00:13.731793602+00:00,buy now! http://spam.com #promo
u27,1,155,3825,45013,False,2023-01-01 02:00:18.351758117+00:00,buy now! http://spam.com #promo
u27,1,155,3825,45013,False,2023-01-01 02:00:23.387470754+00:00,buy now! http://spam.com #promo
u27,1,155,3825,45013,False,2023-01-01 02:00:30.873417517+00:00,buy now! http://spam.com #promo
u27,1,155,3825,45013,False,2023-01-01 02:00:35.248429313+00:00,buy now! http://spam.com #promo
u27,1,155,3825,45013,False,2023-01-01 02:00:44.839292726+00:00,buy now! http://spam.com #promo
u27,1,155,3825,45013,False,2023-01-01 02:00:54.170076882+00:00,buy now! http://spam.com #promo
u27,1,155,3825,45013,False,2023-01-01 02:01:00.017360308+00:00,buy now! http://spam.com #promo
u28,1,154,4641,47629,False,2023-01-01 02:00:08.788483910+00:00,buy now! http://spam.com #promo
u28,1,154,4641,47629,False,2023-01-01 02:00:16.009182634+00:00,buy now! http://spam.com #promo
u28,1,154,4641,47629,False,2023-01-01 02:00:24.444317257+00:00,buy now! http://spam.com #promo
u28,1,154,4641,47629,False,2023-01-01 02:00:30.706095465+00:00,buy now! http://spam.com #promo
u28,1,154,4641,47629,False,2023-01-01 02:00:37.769436499+00:00,buy now! http://spam.com #promo
u28,1,154,4641,47629,False,2023-01-01 02:00:42.074681412+00:00,buy now! http://spam.com #promo
u28,1,154,4641,47629,False,2023-01-01 02:00:49.953826710+00:00,buy now! http://spam.com #promo
u28,1,154,4641,47629,False,2023-01-01 02:00:53.573063455+00:00,buy now! http://spam.com #promo
u28,1,154,4641,47629,False,2023-01-01 02:01:01.131448485+00:00,buy now! http://spam.com #promo
u28,1,154,4641,47629,False,2023-01-01 02:01:10.017201031+00:00,buy now! http://spam.com #promo
u29,1,107,7594,27926,False,2023-01-01 02:00:06.915037924+00:00,buy now! http://spam.com #promo
u29,1,107,7594,27926,False,2023-01-01 02:00:09.675803909+00:00,buy now! http://spam.com #promo
u29,1,107,7594,27926,False,2023-01-01 02:00:17.481528935+00:00,buy now! http://spam.com #promo
u29,1,107,7594,27926,False,2023-01-01 02:00:20.157474685+00:00,buy now! http://spam.com #promo
u29,1,107,7594,27926,False,2023-01-01 02:00:29.644993266+00:00,buy now! http://spam.com #promo
u29,1,107,7594,27926,False,2023-01-01 02:00:32.744256706+00:00,buy now! http://spam.com #promo
u29,1,107,7594,27926,False,2023-01-01 02:00:42.415298673+00:00,buy now! http://spam.com #promo
u29,1,107,7594,27926,False,2023-01-01 02:00:50.822372081+00:00,buy now! http://spam.com #promo
u29,1,107,7594,27926,False,2023-01-01 02:00:57.571828116+00:00,buy now! http://spam.com #promo
u29,1,107,7594,27926,False,2023-01-01 02:01:05.832820953+00:00,buy now! http://spam.com #promo
u30,1,199,6975,75882,False,2023-01-01 02:00:04.027066830+00:00,buy now! http://spam.com #promo
u30,1,199,6975,75882,False,2023-01-01 02:00:10.747673992+00:00,buy now! http://spam.com #promo
u30,1,199,6975,75882,False,2023-01-01 02:00:13.508067572+00:00,buy now! http://spam.com #promo
u30,1,199,6975,75882,False,2023-01-01 02:00:20.437393172+00:00,buy now! http://spam.com #promo
u30,1,199,6975,75882,False,2023-01-01 02:00:23.807723604+00:00,buy now! http://spam.com #promo
u30,1,199,6975,75882,False,2023-01-01 02:00:30.327328495+00:00,buy now! http://spam.com #promo
u30,1,199,6975,75882,False,2023-01-01 02:00:36.906772607+00:00,buy now! http://spam.com #promo
u30,1,199,6975,75882,False,2023-01-01 02:00:42.634653830+00:00,buy now! http://spam.com #promo
u30,1,199,6975,75882,False,2023-01-01 02:00:48.815708034+00:00,buy now! http://spam.com #promo
u30,1,199,6975,75882,False,2023-01-01 02:00:56.927095154+00:00,buy now! http://spam.com #promo
u31,1,189,7600,67954,False,2023-01-01 02:00:05.937225724+00:00,buy now! http://spam.com #promo
u31,1,189,7600,67954,False,2023-01-01 02:00:12.733973256+00:00,buy now! http://spam.com #promo
u31,1,189,7600,67954,False,2023-01-01 02:00:22.183863141+00:00,buy now! http://spam.com #promo
u31,1,189,7600,67954,False,2023-01-01 02:00:25.141731849+00:00,buy now! http://spam.com #promo
u31,1,189,7600,67954,False,2023-01-01 02:00:28.078560376+00:00,buy now! http://spam.com #promo
u31,1,189,7600,67954,False,2023-01-01 02:00:30.780232471+00:00,buy now! http://spam.com #promo
u31,1,189,7600,67954,False,2023-01-01 02:00:38.043138751+00:00,buy now! http://spam.com #promo
u31,1,189,7600,67954,False,2023-01-01 02:00:43.392005157+00:00,buy now! http://spam.com #promo
u31,1,189,7600,67954,False,2023-01-01 02:00:51.586576486+00:00,buy now! http://spam.com #promo
u31,1,189,7600,67954,False,2023-01-01 02:00:58.956427792+00:00,buy now! http://spam.com #promo
u32,1,146,4668,64293,False,2023-01-01 02:00:08.100257176+00:00,buy now! http://spam.com #promo
u32,1,146,4668,64293,False,2023-01-01 02:00:12.264536703+00:00,buy now! http://spam.com #promo
u32,1,146,4668,64293,False,2023-01-01 02:00:17.178072845+00:00,buy now! http://spam.com #promo
u32,1,146,4668,64293,False,2023-01-01 02:00:21.693592686+00:00,buy now! http://spam.com #promo
u32,1,146,4668,64293,False,2023-01-01 02:00:24.954485874+00:00,buy now! http://spam.com #promo
u32,1,146,4668,64293,False,2023-01-01 02:00:28.136752854+00:00,buy now! http://spam.com #promo
u32,1,146,4668,64293,False,2023-01-01 02:00:37.625772561+00:00,buy now! http://spam.com #promo
u32,1,146,4668,64293,False,2023-01-01 02:00:43.129004858+00:00,buy now! http://spam.com #promo
u32,1,146,4668,64293,False,2023-01-01 02:00:48.195563440+00:00,buy now! http://spam.com #promo
u32,1,146,4668,64293,False,2023-01-01 02:00:56.033049109+00:00,buy now! http://spam.com #promo
u33,1,179,3879,53179,False,2023-01-01 02:00:09.489119894+00:00,buy now! http://spam.com #promo
u33,1,179,3879,53179,False,2023-01-01 02:00:17.731531845+00:00,buy now! http://spam.com #promo
u33,1,179,3879,53179,False,2023-01-01 02:00:23.566488357+00:00,buy now! http://spam.com #promo
u33,1,179,3879,53179,False,2023-01-01 02:00:28.577364144+00:00,buy now! http://spam.com #promo
u33,1,179,3879,53179,False,2023-01-01 02:00:38.470416503+00:00,buy now! http://spam.com #promo
u33,1,179,3879,53179,False,2023-01-01 02:00:46.212498391+00:00,buy now! http://spam.com #promo
u33,1,179,3879,53179,False,2023-01-01 02:00:55.822055671+00:00,buy now! http://spam.com #promo
u33,1,179,3879,53179,False,2023-01-01 02:00:58.769884288+00:00,buy now! http://spam.com #promo
u33,1,179,3879,53179,False,2023-01-01 02:01:07.574153721+00:00,buy now! http://spam.com #promo
u33,1,179,3879,53179,False,2023-01-01 02:01:14.670744792+00:00,buy now! http://spam.com #promo
u34,1,24,3609,48690,False,2023-01-01 02:00:07.488770920+00:00,buy now! http://spam.com #promo
u34,1,24,3609,48690,False,2023-01-01 02:00:09.587192407+00:00,buy now! http://spam.com #promo
u34,1,24,3609,48690,False,2023-01-01 02:00:15.221736101+00:00,buy now! http://spam.com #promo
u34,1,24,3609,48690,False,2023-01-01 02:00:23.824932190+00:00,buy now! http://spam.com #promo
u34,1,24,3609,48690,False,2023-01-01 02:00:28.187804392+00:00,buy now! http://spam.com #promo
u34,1,24,3609,48690,False,2023-01-01 02:00:33.856189046+00:00,buy now! http://spam.com #promo
u34,1,24,3609,48690,False,2023-01-01 02:00:39.394702062+00:00,buy now! http://spam.com #promo
u34,1,24,3609,48690,False,2023-01-01 02:00:43.810121193+00:00,buy now! http://spam.com #promo
u34,1,24,3609,48690,False,2023-01-01 02:00:53.157656357+00:00,buy now! http://spam.com #promo
u34,1,24,3609,48690,False,2023-01-01 02:01:01.408008640+00:00,buy now! http://spam.com #promo
u35,1,117,5724,26635,False,2023-01-01 02:00:09.976277262+00:00,buy now! http://spam.com #promo
u35,1,117,5724,26635,False,2023-01-01 02:00:19.009877456+00:00,buy now! http://spam.com #promo
u35,1,117,5724,26635,False,2023-01-01 02:00:23.281144958+00:00,buy now! http://spam.com #promo
u35,1,117,5724,26635,False,2023-01-01 02:00:31.976317595+00:00,buy now! http://spam.com #promo
u35,1,117,5724,26635,False,2023-01-01 02:00:34.827673849+00:00,buy now! http://spam.com #promo
u35,1,117,5724,26635,False,2023-01-01 02:00:44.820511692+00:00,buy now! http://spam.com #promo
u35,1,117,5724,26635,False,2023-01-01 02:00:52.145989580+00:00,buy now! http://spam.com #promo
u35,1,117,5724,26635,False,2023-01-01 02:00:59.346989704+00:00,buy now! http://spam.com #promo
u35,1,117,5724,26635,False,2023-01-01 02:01:02.070515519+00:00,buy now! http://spam.com #promo
u35,1,117,5724,26635,False,2023-01-01 02:01:11.246782710+00:00,buy now! http://spam.com #promo
u36,1,172,3144,34754,False,2023-01-01 02:00:03.144175001+00:00,buy now! http://spam.com #promo
u36,1,172,3144,34754,False,2023-01-01 02:00:11.358318526+00:00,buy now! http://spam.com #promo
u36,1,172,3144,34754,False,2023-01-01 02:00:14.943952343+00:00,buy now! http://spam.com #promo
u36,1,172,3144,34754,False,2023-01-01 02:00:24.229058160+00:00,buy now! http://spam.com #promo
u36,1,172,3144,34754,False,2023-01-01 02:00:31.479210474+00:00,buy now! http://spam.com #promo
u36,1,172,3144,34754,False,2023-01-01 02:00:33.768512157+00:00,buy now! http://spam.com #promo
u36,1,172,3144,34754,False,2023-01-01 02:00:35.811950830+00:00,buy now! http://spam.com #promo
u36,1,172,3144,34754,False,2023-01-01 02:00:38.225214166+00:00,buy now! http://spam.com #promo
u36,1,172,3144,34754,False,2023-01-01 02:00:45.072615587+00:00,buy now! http://spam.com #promo
u36,1,172,3144,34754,False,2023-01-01 02:00:53.484470073+00:00,buy now! http://spam.com #promo
u37,1,48,7815,34313,False,2023-01-01 02:00:08.795270743+00:00,buy now! http://spam.com #promo
u37,1,48,7815,34313,False,2023-01-01 02:00:11.253126264+00:00,buy now! http://spam.com #promo
u37,1,48,7815,34313,False,2023-01-01 02:00:19.660837093+00:00,buy now! http://spam.com #promo
u37,1,48,7815,34313,False,2023-01-01 02:00:29.083200534+00:00,buy now! http://spam.com #promo
u37,1,48,7815,34313,False,2023-01-01 02:00:37.260067726+00:00,buy now! http://spam.com #promo
u37,1,48,7815,34313,False,2023-01-01 02:00:44.845033997+00:00,buy now! http://spam.com #promo
u37,1,48,7815,34313,False,2023-01-01 02:00:53.548875746+00:00,buy now! http://spam.com #promo
u37,1,48,7815,34313,False,2023-01-01 02:00:55.870086142+00:00,buy now! http://spam.com #promo
u37,1,48,7815,34313,False,2023-01-01 02:00:59.484343027+00:00,buy now! http://spam.com #promo
u37,1,48,7815,34313,False,2023-01-01 02:01:02.483732461+00:00,buy now! http://spam.com #promo
u38,1,139,5522,52390,False,2023-01-01 02:00:07.040094756+00:00,buy now! http://spam.com #promo
u38,1,139,5522,52390,False,2023-01-01 02:00:15.849143554+00:00,buy now! http://spam.com #promo
u38,1,139,5522,52390,False,2023-01-01 02:00:19.090847493+00:00,buy now! http://spam.com #promo
u38,1,139,5522,52390,False,2023-01-01 02:00:26.967816228+00:00,buy now! http://spam.com #promo
u38,1,139,5522,52390,False,2023-01-01 02:00:30.512148154+00:00,buy now! http://spam.com #promo
u38,1,139,5522,52390,False,2023-01-01 02:00:34.678218164+00:00,buy now! http://spam.com #promo
u38,1,139,5522,52390,False,2023-01-01 02:00:42.357455742+00:00,buy now! http://spam.com #promo
u38,1,139,5522,52390,False,2023-01-01 02:00:52.199094021+00:00,buy now! http://spam.com #promo
u38,1,139,5522,52390,False,2023-01-01 02:00:59.091442868+00:00,buy now! http://spam.com #promo
u38,1,139,5522,52390,False,2023-01-01 02:01:01.527445387+00:00,buy now! http://spam.com #promo
u39,1,149,3351,56978,False,2023-01-01 02:00:02.338804412+00:00,buy now! http://spam.com #promo
u39,1,149,3351,56978,False,2023-01-01 02:00:11.411970102+00:00,buy now! http://spam.com #promo
u39,1,149,3351,56978,False,2023-01-01 02:00:19.088596382+00:00,buy now! http://spam.com #promo
u39,1,149,3351,56978,False,2023-01-01 02:00:22.473619153+00:00,buy now! http://spam.com #promo
u39,1,149,3351,56978,False,2023-01-01 02:00:25.207387199+00:00,buy now! http://spam.com #promo
u39,1,149,3351,56978,False,2023-01-01 02:00:28.675653030+00:00,buy now! http://spam.com #promo
u39,1,149,3351,56978,False,2023-01-01 02:00:38.515870466+00:00,buy now! http://spam.com #promo
u39,1,149,3351,56978,False,2023-01-01 02:00:44.184355605+00:00,buy now! http://spam.com #promo
u39,1,149,3351,56978,False,2023-01-01 02:00:52.457003191+00:00,buy now! http://spam.com #promo
u39,1,149,3351,56978,False,2023-01-01 02:00:59.548269927+00:00,buy now! http://spam.com #promo
u40,1,174,5862,46792,False,2023-01-01 02:00:09.568195628+00:00,buy now! http://spam.com #promo
u40,1,174,5862,46792,False,2023-01-01 02:00:13.978936688+00:00,buy now! http://spam.com #promo
u40,1,174,5862,46792,False,2023-01-01 02:00:20.603074414+00:00,buy now! http://spam.com #promo
u40,1,174,5862,46792,False,2023-01-01 02:00:28.201281970+00:00,buy now! http://spam.com #promo
u40,1,174,5862,46792,False,2023-01-01 02:00:35.395147211+00:00,buy now! http://spam.com #promo
u40,1,174,5862,46792,False,2023-01-01 02:00:44.919902488+00:00,buy now! http://spam.com #promo
u40,1,174,5862,46792,False,2023-01-01 02:00:48.107414407+00:00,buy now! http://spam.com #promo
u40,1,174,5862,46792,False,2023-01-01 02:00:54.174236314+00:00,buy now! http://spam.com #promo
u40,1,174,5862,46792,False,2023-01-01 02:00:59.406511439+00:00,buy now! http://spam.com #promo
u40,1,174,5862,46792,False,2023-01-01 02:01:05.199861274+00:00,buy now! http://spam.com #promo
u41,1,29,3646,27153,False,2023-01-01 02:00:03.072756878+00:00,buy now! http://spam.com #promo
u41,1,29,3646,27153,False,2023-01-01 02:00:07.297361244+00:00,buy now! http://spam.com #promo
u41,1,29,3646,27153,False,2023-01-01 02:00:11.734998074+00:00,buy now! http://spam.com #promo
u41,1,29,3646,27153,False,2023-01-01 02:00:17.158223783+00:00,buy now! http://spam.com #promo
u41,1,29,3646,27153,False,2023-01-01 02:00:24.046124159+00:00,buy now! http://spam.com #promo
u41,1,29,3646,27153,False,2023-01-01 02:00:31.123157098+00:00,buy now! http://spam.com #promo
u41,1,29,3646,27153,False,2023-01-01 02:00:36.417644270+00:00,buy now! http://spam.com #promo
u41,1,29,3646,27153,False,2023-01-01 02:00:41.687909145+00:00,buy now! http://spam.com #promo
u41,1,29,3646,27153,False,2023-01-01 02:00:45.428937358+00:00,buy now! http://spam.com #promo
u41,1,29,3646,27153,False,2023-01-01 02:00:52.135387345+00:00,buy now! http://spam.com #promo
u42,1,120,4585,75227,False,2023-01-01 02:00:05.347200353+00:00,buy now! http://spam.com #promo
u42,1,120,4585,75227,False,2023-01-01 02:00:11.140261753+00:00,buy now! http://spam.com #promo
u42,1,120,4585,75227,False,2023-01-01 02:00:14.945004698+00:00,buy now! http://spam.com #promo
u42,1,120,4585,75227,False,2023-01-01 02:00:21.524668162+00:00,buy now! http://spam.com #promo
u42,1,120,4585,75227,False,2023-01-01 02:00:28.050843365+00:00,buy now! http://spam.com #promo
u42,1,120,4585,75227,False,2023-01-01 02:00:35.666860813+00:00,buy now! http://spam.com #promo
u42,1,120,4585,75227,False,2023-01-01 02:00:42.850448670+00:00,buy now! http://spam.com #promo
u42,1,120,4585,75227,False,2023-01-01 02:00:50.069913122+00:00,buy now! http://spam.com #promo
u42,1,120,4585,75227,False,2023-01-01 02:00:54.599626336+00:00,buy now! http://spam.com #promo
u42,1,120,4585,75227,False,2023-01-01 02:01:02.899084111+00:00,buy now! http://spam.com #promo
u43,1,7,4713,52948,False,2023-01-01 02:00:05.451345561+00:00,buy now! http://spam.com #promo
u43,1,7,4713,52948,False,2023-01-01 02:00:12.459445408+00:00,buy now! http://spam.com #promo
u43,1,7,4713,52948,False,2023-01-01 02:00:17.344704083+00:00,buy now! http://spam.com #promo
u43,1,7,4713,52948,False,2023-01-01 02:00:23.446618039+00:00,buy now! http://spam.com #promo
u43,1,7,4713,52948,False,2023-01-01 02:00:31.340263546+00:00,buy now! http://spam.com #promo
u43,1,7,4713,52948,False,2023-01-01 02:00:40.431486639+00:00,buy now! http://spam.com #promo
u43,1,7,4713,52948,False,2023-01-01 02:00:49.799944217+00:00,buy now! http://spam.com #promo
u43,1,7,4713,52948,False,2023-01-01 02:00:55.829007618+00:00,buy now! http://spam.com #promo
u43,1,7,4713,52948,False,2023-01-01 02:01:01.991208535+00:00,buy now! http://spam.com #promo
u43,1,7,4713,52948,False,2023-01-01 02:01:10.390171821+00:00,buy now! http://spam.com #promo
u44,1,49,4572,51157,False,2023-01-01 02:00:05.953133172+00:00,buy now! http://spam.com #promo
u44,1,49,4572,51157,False,2023-01-01 02:00:08.879986966+00:00,buy now! http://spam.com #promo
u44,1,49,4572,51157,False,2023-01-01 02:00:11.456460142+00:00,buy now! http://spam.com #promo
u44,1,49,4572,51157,False,2023-01-01 02:00:20.192405830+00:00,buy now! http://spam.com #promo
u44,1,49,4572,51157,False,2023-01-01 02:00:22.636949165+00:00,buy now! http://spam.com #promo
u44,1,49,4572,51157,False,2023-01-01 02:00:26.881840654+00:00,buy now! http://spam.com #promo
u44,1,49,4572,51157,False,2023-01-01 02:00:31.554880978+00:00,buy now! http://spam.com #promo
u44,1,49,4572,51157,False,2023-01-01 02:00:34.938836539+00:00,buy now! http://spam.com #promo
u44,1,49,4572,51157,False,2023-01-01 02:00:39.449983497+00:00,buy now! http://spam.com #promo
u44,1,49,4572,51157,False,2023-01-01 02:00:47.391524030+00:00,buy now! http://spam.com #promo
u45,1,167,7513,20880,False,2023-01-01 02:00:08.617387396+00:00,buy now! http://spam.com #promo
u45,1,167,7513,20880,False,2023-01-01 02:00:17.469771584+00:00,buy now! http://spam.com #promo
u45,1,167,7513,20880,False,2023-01-01 02:00:22.447864169+00:00,buy now! http://spam.com #promo
u45,1,167,7513,20880,False,2023-01-01 02:00:25.676767361+00:00,buy now! http://spam.com #promo
u45,1,167,7513,20880,False,2023-01-01 02:00:32.483490624+00:00,buy now! http://spam.com #promo
u45,1,167,7513,20880,False,2023-01-01 02:00:35.440871070+00:00,buy now! http://spam.com #promo
u45,1,167,7513,20880,False,2023-01-01 02:00:40.360225958+00:00,buy now! http://spam.com #promo
u45,1,167,7513,20880,False,2023-01-01 02:00:50.027659405+00:00,buy now! http://spam.com #promo
u45,1,167,7513,20880,False,2023-01-01 02:00:59.991375185+00:00,buy now! http://spam.com #promo
u45,1,167,7513,20880,False,2023-01-01 02:01:08.168214315+00:00,buy now! http://spam.com #promo
u46,1,84,4554,66235,False,2023-01-01 02:00:07.643250923+00:00,buy now! http://spam.com #promo
u46,1,84,4554,66235,False,2023-01-01 02:00:12.745984484+00:00,buy now! http://spam.com #promo
u46,1,84,4554,66235,False,2023-01-01 02:00:19.873093560+00:00,buy now! http://spam.com #promo
u46,1,84,4554,66235,False,2023-01-01 02:00:21.958914719+00:00,buy now! http://spam.com #promo
u46,1,84,4554,66235,False,2023-01-01 02:00:25.631375987+00:00,buy now! http://spam.com #promo
u46,1,84,4554,66235,False,2023-01-01 02:00:31.832082410+00:00,buy now! http://spam.com #promo
u46,1,84,4554,66235,False,2023-01-01 02:00:35.142092844+00:00,buy now! http://spam.com #promo
u46,1,84,4554,66235,False,2023-01-01 02:00:38.469347787+00:00,buy now! http://spam.com #promo
u46,1,84,4554,66235,False,2023-01-01 02:00:47.159782111+00:00,buy now! http://spam.com #promo
u46,1,84,4554,66235,False,2023-01-01 02:00:57.072846132+00:00,buy now! http://spam.com #promo
u47,1,137,7790,53358,False,2023-01-01 02:00:08.712557847+00:00,buy now! http://spam.com #promo
u47,1,137,7790,53358,False,2023-01-01 02:00:18.635131161+00:00,buy now! http://spam.com #promo
u47,1,137,7790,53358,False,2023-01-01 02:00:21.767898269+00:00,buy now! http://spam.com #promo
u47,1,137,7790,53358,False,2023-01-01 02:00:27.353863175+00:00,buy now! http://spam.com #promo
u47,1,137,7790,53358,False,2023-01-01 02:00:32.494444901+00:00,buy now! http://spam.com #promo
u47,1,137,7790,53358,False,2023-01-01 02:00:35.134839170+00:00,buy now! http://spam.com #promo
u47,1,137,7790,53358,False,2023-01-01 02:00:43.177480552+00:00,buy now! http://spam.com #promo
u47,1,137,7790,53358,False,2023-01-01 02:00:48.647712770+00:00,buy now! http://spam.com #promo
u47,1,137,7790,53358,False,2023-01-01 02:00:54.402328243+00:00,buy now! http://spam.com #promo
u47,1,137,7790,53358,False,2023-01-01 02:00:57.607712033+00:00,buy now! http://spam.com #promo
u48,1,61,3904,34645,False,2023-01-01 02:00:02.357192711+00:00,buy now! http://spam.com #promo
u48,1,61,3904,34645,False,2023-01-01 02:00:06.220010990+00:00,buy now! http://spam.com #promo
u48,1,61,3904,34645,False,2023-01-01 02:00:10.556485632+00:00,buy now! http://spam.com #promo
u48,1,61,3904,34645,False,2023-01-01 02:00:16.478065971+00:00,buy now! http://spam.com #promo
u48,1,61,3904,34645,False,2023-01-01 02:00:23.169627355+00:00,buy now! http://spam.com #promo
u48,1,61,3904,34645,False,2023-01-01 02:00:29.115947161+00:00,buy now! http://spam.com #promo
u48,1,61,3904,34645,False,2023-01-01 02:00:31.788869837+00:00,buy now! http://spam.com #promo
u48,1,61,3904,34645,False,2023-01-01 02:00:35.738209469+00:00,buy now! http://spam.com #promo
u48,1,61,3904,34645,False,2023-01-01 02:00:44.486916547+00:00,buy now! http://spam.com #promo
u48,1,61,3904,34645,False,2023-01-01 02:00:51.587626150+00:00,buy now! http://spam.com #promo
u49,1,181,5780,58948,False,2023-01-01 02:00:07.361626042+00:00,buy now! http://spam.com #promo
u49,1,181,5780,58948,False,2023-01-01 02:00:15.464850194+00:00,buy now! http://spam.com #promo
u49,1,181,5780,58948,False,2023-01-01 02:00:17.929718047+00:00,buy now! http://spam.com #promo
u49,1,181,5780,58948,False,2023-01-01 02:00:22.862585126+00:00,buy now! http://spam.com #promo
u49,1,181,5780,58948,False,2023-01-01 02:00:29.178804608+00:00,buy now! http://spam.com #promo
u49,1,181,5780,58948,False,2023-01-01 02:00:33.886456474+00:00,buy now! http://spam.com #promo
u49,1,181,5780,58948,False,2023-01-01 02:00:42.642287460+00:00,buy now! http://spam.com #promo
u49,1,181,5780,58948,False,2023-01-01 02:00:48.502867528+00:00,buy now! http://spam.com #promo
u49,1,181,5780,58948,False,2023-01-01 02:00:56.651888243+00:00,buy now! http://spam.com #promo
u49,1,181,5780,58948,False,2023-01-01 02:01:05.468012378+00:00,buy now! http://spam.com #promo
u50,1,73,5523,45851,False,2023-01-01 02:00:06.696991524+00:00,buy now! http://spam.com #promo
u50,1,73,5523,45851,False,2023-01-01 02:00:15.499185914+00:00,buy now! http://spam.com #promo
u50,1,73,5523,45851,False,2023-01-01 02:00:20.223912278+00:00,buy now! http://spam.com #promo
u50,1,73,5523,45851,False,2023-01-01 02:00:26.214447946+00:00,buy now! http://spam.com #promo
u50,1,73,5523,45851,False,2023-01-01 02:00:32.465736274+00:00,buy now! http://spam.com #promo
u50,1,73,5523,45851,False,2023-01-01 02:00:35.305574001+00:00,buy now! http://spam.com #promo
u50,1,73,5523,45851,False,2023-01-01 02:00:40.493994054+00:00,buy now! http://spam.com #promo
u50,1,73,5523,45851,False,2023-01-01 02:00:49.832695434+00:00,buy now! http://spam.com #promo
u50,1,73,5523,45851,False,2023-01-01 02:00:56.879353356+00:00,buy now! http://spam.com #promo
u50,1,73,5523,45851,False,2023-01-01 02:01:00.299406015+00:00,buy now! http://spam.com #promo
u51,1,181,3042,40331,False,2023-01-01 02:00:03.532824077+00:00,buy now! http://spam.com #promo
u51,1,181,3042,40331,False,2023-01-01 02:00:05.731409131+00:00,buy now! http://spam.com #promo
u51,1,181,3042,40331,False,2023-01-01 02:00:15.151092799+00:00,buy now! http://spam.com #promo
u51,1,181,3042,40331,False,2023-01-01 02:00:20.736751425+00:00,buy now! http://spam.com #promo
u51,1,181,3042,40331,False,2023-01-01 02:00:25.197032004+00:00,buy now! http://spam.com #promo
u51,1,181,3042,40331,False,2023-01-01 02:00:31.984849536+00:00,buy now! http://spam.com #promo
u51,1,181,3042,40331,False,2023-01-01 02:00:34.043365186+00:00,buy now! http://spam.com #promo
u51,1,181,3042,40331,False,2023-01-01 02:00:38.267542038+00:00,buy now! http://spam.com #promo
u51,1,181,3042,40331,False,2023-01-01 02:00:45.891809763+00:00,buy now! http://spam.com #promo
u51,1,181,3042,40331,False,2023-01-01 02:00:52.961967947+00:00,buy now! http://spam.com #promo
u52,1,142,7909,68165,False,2023-01-01 02:00:05.820046989+00:00,buy now! http://spam.com #promo
u52,1,142,7909,68165,False,2023-01-01 02:00:13.911507494+00:00,buy now! http://spam.com #promo
u52,1,142,7909,68165,False,2023-01-01 02:00:23.138130469+00:00,buy now! http://spam.com #promo
u52,1,142,7909,68165,False,2023-01-01 02:00:30.903698042+00:00,buy now! http://spam.com #promo
u52,1,142,7909,68165,False,2023-01-01 02:00:40.609387830+00:00,buy now! http://spam.com #promo
u52,1,142,7909,68165,False,2023-01-01 02:00:48.865429195+00:00,buy now! http://spam.com #promo
u52,1,142,7909,68165,False,2023-01-01 02:00:57.799840701+00:00,buy now! http://spam.com #promo
u52,1,142,7909,68165,False,2023-01-01 02:01:00.712673270+00:00,buy now! http://spam.com #promo
u52,1,142,7909,68165,False,2023-01-01 02:01:08.571981293+00:00,buy now! http://spam.com #promo
u52,1,142,7909,68165,False,2023-01-01 02:01:14.092690889+00:00,buy now! http://spam.com #promo
u53,1,124,6248,53186,False,2023-01-01 02:00:07.232819275+00:00,buy now! http://spam.com #promo
u53,1,124,6248,53186,False,2023-01-01 02:00:16.991340208+00:00,buy now! http://spam.com #promo
u53,1,124,6248,53186,False,2023-01-01 02:00:26.867964859+00:00,buy now! http://spam.com #promo
u53,1,124,6248,53186,False,2023-01-01 02:00:31.173790822+00:00,buy now! http://spam.com #promo
u53,1,124,6248,53186,False,2023-01-01 02:00:39.043818801+00:00,buy now! http://spam.com #promo
u53,1,124,6248,53186,False,2023-01-01 02:00:47.043687104+00:00,buy now! http://spam.com #promo
u53,1,124,6248,53186,False,2023-01-01 02:00:51.815629994+00:00,buy now! http://spam.com #promo
u53,1,124,6248,53186,False,2023-01-01 02:00:54.806588192+00:00,buy now! http://spam.com #promo
u53,1,124,6248,53186,False,2023-01-01 02:00:57.134163874+00:00,buy now! http://spam.com #promo
u53,1,124,6248,53186,False,2023-01-01 02:01:05.352908894+00:00,buy now! http://spam.com #promo
u54,1,192,5448,72500,False,2023-01-01 02:00:05.719787649+00:00,buy now! http://spam.com #promo
u54,1,192,5448,72500,False,2023-01-01 02:00:15.543123481+00:00,buy now! http://spam.com #promo
u54,1,192,5448,72500,False,2023-01-01 02:00:20.835731498+00:00,buy now! http://spam.com #promo
u54,1,192,5448,72500,False,2023-01-01 02:00:29.185188702+00:00,buy now! http://spam.com #promo
u54,1,192,5448,72500,False,2023-01-01 02:00:31.863742880+00:00,buy now! http://spam.com #promo
u54,1,192,5448,72500,False,2023-01-01 02:00:38.307436561+00:00,buy now! http://spam.com #promo
u54,1,192,5448,72500,False,2023-01-01 02:00:46.723914856+00:00,buy now! http://spam.com #promo
u54,1,192,5448,72500,False,2023-01-01 02:00:56.121528193+00:00,buy now! http://spam.com #promo
u54,1,192,5448,72500,False,2023-01-01 02:01:04.702192917+00:00,buy now! http://spam.com #promo
u54,1,192,5448,72500,False,2023-01-01 02:01:06.997958734+00:00,buy now! http://spam.com #promo
u55,1,197,3275,42362,False,2023-01-01 02:00:02.389587778+00:00,buy now! http://spam.com #promo
u55,1,197,3275,42362,False,2023-01-01 02:00:05.263846106+00:00,buy now! http://spam.com #promo
u55,1,197,3275,42362,False,2023-01-01 02:00:12.666291135+00:00,buy now! http://spam.com #promo
u55,1,197,3275,42362,False,2023-01-01 02:00:20.372356705+00:00,buy now! http://spam.com #promo
u55,1,197,3275,42362,False,2023-01-01 02:00:28.562122167+00:00,buy now! http://spam.com #promo
u55,1,197,3275,42362,False,2023-01-01 02:00:37.485774551+00:00,buy now! http://spam.com #promo
u55,1,197,3275,42362,False,2023-01-01 02:00:45.401226298+00:00,buy now! http://spam.com #promo
u55,1,197,3275,42362,False,2023-01-01 02:00:53.808199034+00:00,buy now! http://spam.com #promo
u55,1,197,3275,42362,False,2023-01-01 02:00:56.199908712+00:00,buy now! http://spam.com #promo
u55,1,197,3275,42362,False,2023-01-01 02:01:00.076189915+00:00,buy now! http://spam.com #promo
u56,1,20,6109,34019,False,2023-01-01 02:00:02.036000999+00:00,buy now! http://spam.com #promo
u56,1,20,6109,34019,False,2023-01-01 02:00:08.153035735+00:00,buy now! http://spam.com #promo
u56,1,20,6109,34019,False,2023-01-01 02:00:15.571334929+00:00,buy now! http://spam.com #promo
u56,1,20,6109,34019,False,2023-01-01 02:00:17.808193242+00:00,buy now! http://spam.com #promo
u56,1,20,6109,34019,False,2023-01-01 02:00:23.019037702+00:00,buy now! http://spam.com #promo
u56,1,20,6109,34019,False,2023-01-01 02:00:32.184116753+00:00,buy now! http://spam.com #promo
u56,1,20,6109,34019,False,2023-01-01 02:00:39.557019223+00:00,buy now! http://spam.com #promo
u56,1,20,6109,34019,False,2023-01-01 02:00:43.458286129+00:00,buy now! http://spam.com #promo
u56,1,20,6109,34019,False,2023-01-01 02:00:52.280535166+00:00,buy now! http://spam.com #promo
u56,1,20,6109,34019,False,2023-01-01 02:00:57.064786553+00:00,buy now! http://spam.com #promo
u57,1,171,6898,71200,False,2023-01-01 02:00:04.391549208+00:00,buy now! http://spam.com #promo
u57,1,171,6898,71200,False,2023-01-01 02:00:11.114111215+00:00,buy now! http://spam.com #promo
u57,1,171,6898,71200,False,2023-01-01 02:00:16.289631756+00:00,buy now! http://spam.com #promo
u57,1,171,6898,71200,False,2023-01-01 02:00:20.488232162+00:00,buy now! http://spam.com #promo
u57,1,171,6898,71200,False,2023-01-01 02:00:29.580692659+00:00,buy now! http://spam.com #promo
u57,1,171,6898,71200,False,2023-01-01 02:00:33.081442114+00:00,buy now! http://spam.com #promo
u57,1,171,6898,71200,False,2023-01-01 02:00:35.759934843+00:00,buy now! http://spam.com #promo
u57,1,171,6898,71200,False,2023-01-01 02:00:40.495350351+00:00,buy now! http://spam.com #promo
u57,1,171,6898,71200,False,2023-01-01 02:00:48.236463532+00:00,buy now! http://spam.com #promo
u57,1,171,6898,71200,False,2023-01-01 02:00:56.695916379+00:00,buy now! http://spam.com #promo
u58,1,106,7993,58294,False,2023-01-01 02:00:05.263535609+00:00,buy now! http://spam.com #promo
u58,1,106,7993,58294,False,2023-01-01 02:00:08.358105833+00:00,buy now! http://spam.com #promo
u58,1,106,7993,58294,False,2023-01-01 02:00:14.957081269+00:00,buy now! http://spam.com #promo
u58,1,106,7993,58294,False,2023-01-01 02:00:24.937721567+00:00,buy now! http://spam.com #promo
u58,1,106,7993,58294,False,2023-01-01 02:00:32.544769647+00:00,buy now! http://spam.com #promo
u58,1,106,7993,58294,False,2023-01-01 02:00:39.306472370+00:00,buy now! http://spam.com #promo
u58,1,106,7993,58294,False,2023-01-01 02:00:44.445425113+00:00,buy now! http://spam.com #promo
u58,1,106,7993,58294,False,2023-01-01 02:00:53.767815195+00:00,buy now! http://spam.com #promo
u58,1,106,7993,58294,False,2023-01-01 02:00:59.743147964+00:00,buy now! http://spam.com #promo
u58,1,106,7993,58294,False,2023-01-01 02:01:02.818083270+00:00,buy now! http://spam.com #promo
u59,1,59,3515,41922,False,2023-01-01 02:00:02.537333350+00:00,buy now! http://spam.com #promo
u59,1,59,3515,41922,False,2023-01-01 02:00:06.153165651+00:00,buy now! http://spam.com #promo
u59,1,59,3515,41922,False,2023-01-01 02:00:08.294515898+00:00,buy now! http://spam.com #promo
u59,1,59,3515,41922,False,2023-01-01 02:00:13.920755230+00:00,buy now! http://spam.com #promo
u59,1,59,3515,41922,False,2023-01-01 02:00:20.997077349+00:00,buy now! http://spam.com #promo
u59,1,59,3515,41922,False,2023-01-01 02:00:25.743417048+00:00,buy now! http://spam.com #promo
u59,1,59,3515,41922,False,2023-01-01 02:00:31.106471220+00:00,buy now! http://spam.com #promo
u59,1,59,3515,41922,False,2023-01-01 02:00:40.780145402+00:00,buy now! http://spam.com #promo
u59,1,59,3515,41922,False,2023-01-01 02:00:48.795850374+00:00,buy now! http://spam.com #promo
u59,1,59,3515,41922,False,2023-01-01 02:00:55.122703469+00:00,buy now! http://spam.com #promo
u60,1,196,4422,40802,False,2023-01-01 02:00:03.880776935+00:00,buy now! http://spam.com #promo
u60,1,196,4422,40802,False,2023-01-01 02:00:08.483518779+00:00,buy now! http://spam.com #promo
u60,1,196,4422,40802,False,2023-01-01 02:00:17.756037294+00:00,buy now! http://spam.com #promo
u60,1,196,4422,40802,False,2023-01-01 02:00:23.992373736+00:00,buy now! http://spam.com #promo
u60,1,196,4422,40802,False,2023-01-01 02:00:31.930917331+00:00,buy now! http://spam.com #promo
u60,1,196,4422,40802,False,2023-01-01 02:00:38.656875684+00:00,buy now! http://spam.com #promo
u60,1,196,4422,40802,False,2023-01-01 02:00:45.884389356+00:00,buy now! http://spam.com #promo
u60,1,196,4422,40802,False,2023-01-01 02:00:50.279455688+00:00,buy now! http://spam.com #promo
u60,1,196,4422,40802,False,2023-01-01 02:00:54.210432181+00:00,buy now! http://spam.com #promo
u60,1,196,4422,40802,False,2023-01-01 02:00:58.790370958+00:00,buy now! http://spam.com #promo
u61,1,179,3886,29326,False,2023-01-01 02:00:08.994514922+00:00,buy now! http://spam.com #promo
u61,1,179,3886,29326,False,2023-01-01 02:00:13.260490388+00:00,buy now! http://spam.com #promo
u61,1,179,3886,29326,False,2023-01-01 02:00:19.752405543+00:00,buy now! http://spam.com #promo
u61,1,179,3886,29326,False,2023-01-01 02:00:28.088200944+00:00,buy now! http://spam.com #promo
u61,1,179,3886,29326,False,2023-01-01 02:00:36.358793819+00:00,buy now! http://spam.com #promo
u61,1,179,3886,29326,False,2023-01-01 02:00:41.865883887+00:00,buy now! http://spam.com #promo
u61,1,179,3886,29326,False,2023-01-01 02:00:47.675942355+00:00,buy now! http://spam.com #promo
u61,1,179,3886,29326,False,2023-01-01 02:00:57.633556346+00:00,buy now! http://spam.com #promo
u61,1,179,3886,29326,False,2023-01-01 02:01:05.030336161+00:00,buy now! http://spam.com #promo
u61,1,179,3886,29326,False,2023-01-01 02:01:13.547443705+00:00,buy now! http://spam.com #promo
u62,1,134,7512,36020,False,2023-01-01 02:00:03.481434759+00:00,buy now! http://spam.com #promo
u62,1,134,7512,36020,False,2023-01-01 02:00:09.978800628+00:00,buy now! http://spam.com #promo
u62,1,134,7512,36020,False,2023-01-01 02:00:12.793953886+00:00,buy now! http://spam.com #promo
u62,1,134,7512,36020,False,2023-01-01 02:00:20.017330898+00:00,buy now! http://spam.com #promo
u62,1,134,7512,36020,False,2023-01-01 02:00:29.660126323+00:00,buy now! http://spam.com #promo
u62,1,134,7512,36020,False,2023-01-01 02:00:35.761982837+00:00,buy now! http://spam.com #promo
u62,1,134,7512,36020,False,2023-01-01 02:00:41.225762779+00:00,buy now! http://spam.com #promo
u62,1,134,7512,36020,False,2023-01-01 02:00:43.512504790+00:00,buy now! http://spam.com #promo
u62,1,134,7512,36020,False,2023-01-01 02:00:53.190700968+00:00,buy now! http://spam.com #promo
u62,1,134,7512,36020,False,2023-01-01 02:00:56.014722441+00:00,buy now! http://spam.com #promo
u63,1,157,4468,22464,False,2023-01-01 02:00:03.968532892+00:00,buy now! http://spam.com #promo
u63,1,157,4468,22464,False,2023-01-01 02:00:06.492776363+00:00,buy now! http://spam.com #promo
u63,1,157,4468,22464,False,2023-01-01 02:00:12.133719102+00:00,buy now! http://spam.com #promo
u63,1,157,4468,22464,False,2023-01-01 02:00:18.262421512+00:00,buy now! http://spam.com #promo
u63,1,157,4468,22464,False,2023-01-01 02:00:22.762981104+00:00,buy now! http://spam.com #promo
u63,1,157,4468,22464,False,2023-01-01 02:00:25.170664964+00:00,buy now! http://spam.com #promo
u63,1,157,4468,22464,False,2023-01-01 02:00:28.063467909+00:00,buy now! http://spam.com #promo
u63,1,157,4468,22464,False,2023-01-01 02:00:33.139502932+00:00,buy now! http://spam.com #promo
u63,1,157,4468,22464,False,2023-01-01 02:00:35.623730538+00:00,buy now! http://spam.com #promo
u63,1,157,4468,22464,False,2023-01-01 02:00:43.209248342+00:00,buy now! http://spam.com #promo
u64,1,89,4035,78628,False,2023-01-01 02:00:05.153006217+00:00,buy now! http://spam.com #promo
u64,1,89,4035,78628,False,2023-01-01 02:00:10.485883281+00:00,buy now! http://spam.com #promo
u64,1,89,4035,78628,False,2023-01-01 02:00:12.499168942+00:00,buy now! http://spam.com #promo
u64,1,89,4035,78628,False,2023-01-01 02:00:15.395731909+00:00,buy now! http://spam.com #promo
u64,1,89,4035,78628,False,2023-01-01 02:00:24.297848418+00:00,buy now! http://spam.com #promo
u64,1,89,4035,78628,False,2023-01-01 02:00:26.307712918+00:00,buy now! http://spam.com #promo
u64,1,89,4035,78628,False,2023-01-01 02:00:32.373051764+00:00,buy now! http://spam.com #promo
u64,1,89,4035,78628,False,2023-01-01 02:00:38.289067816+00:00,buy now! http://spam.com #promo
u64,1,89,4035,78628,False,2023-01-01 02:00:42.953821104+00:00,buy now! http://spam.com #promo
u64,1,89,4035,78628,False,2023-01-01 02:00:48.404437265+00:00,buy now! http://spam.com #promo
u65,1,60,5755,66834,False,2023-01-01 02:00:08.729629649+00:00,buy now! http://spam.com #promo
u65,1,60,5755,66834,False,2023-01-01 02:00:12.812417996+00:00,buy now! http://spam.com #promo
u65,1,60,5755,66834,False,2023-01-01 02:00:17.392341523+00:00,buy now! http://spam.com #promo
u65,1,60,5755,66834,False,2023-01-01 02:00:21.332204347+00:00,buy now! http://spam.com #promo
u65,1,60,5755,66834,False,2023-01-01 02:00:27.171111551+00:00,buy now! http://spam.com #promo
u65,1,60,5755,66834,False,2023-01-01 02:00:34.637178412+00:00,buy now! http://spam.com #promo
u65,1,60,5755,66834,False,2023-01-01 02:00:38.463201415+00:00,buy now! http://spam.com #promo
u65,1,60,5755,66834,False,2023-01-01 02:00:43.109087351+00:00,buy now! http://spam.com #promo
u65,1,60,5755,66834,False,2023-01-01 02:00:52.552164291+00:00,buy now! http://spam.com #promo
u65,1,60,5755,66834,False,2023-01-01 02:00:54.940718609+00:00,buy now! http://spam.com #promo
u66,1,98,5303,71838,False,2023-01-01 02:00:03.203632092+00:00,buy now! http://spam.com #promo
u66,1,98,5303,71838,False,2023-01-01 02:00:05.582624252+00:00,buy now! http://spam.com #promo
u66,1,98,5303,71838,False,2023-01-01 02:00:08.688267225+00:00,buy now! http://spam.com #promo
u66,1,98,5303,71838,False,2023-01-01 02:00:18.038852773+00:00,buy now! http://spam.com #promo
u66,1,98,5303,71838,False,2023-01-01 02:00:20.112931027+00:00,buy now! http://spam.com #promo
u66,1,98,5303,71838,False,2023-01-01 02:00:23.619506825+00:00,buy now! http://spam.com #promo
u66,1,98,5303,71838,False,2023-01-01 02:00:25.869774928+00:00,buy now! http://spam.com #promo
u66,1,98,5303,71838,False,2023-01-01 02:00:28.754810668+00:00,buy now! http://spam.com #promo
u66,1,98,5303,71838,False,2023-01-01 02:00:35.716004961+00:00,buy now! http://spam.com #promo
u66,1,98,5303,71838,False,2023-01-01 02:00:39.649116230+00:00,buy now! http://spam.com #promo
u67,1,142,3444,54152,False,2023-01-01 02:00:06.721563062+00:00,buy now! http://spam.com #promo
u67,1,142,3444,54152,False,2023-01-01 02:00:15.517045726+00:00,buy now! http://spam.com #promo
u67,1,142,3444,54152,False,2023-01-01 02:00:17.554976869+00:00,buy now! http://spam.com #promo
u67,1,142,3444,54152,False,2023-01-01 02:00:26.381932543+00:00,buy now! http://spam.com #promo
u67,1,142,3444,54152,False,2023-01-01 02:00:33.334885234+00:00,buy now! http://spam.com #promo
u67,1,142,3444,54152,False,2023-01-01 02:00:36.636833122+00:00,buy now! http://spam.com #promo
u67,1,142,3444,54152,False,2023-01-01 02:00:44.820332227+00:00,buy now! http://spam.com #promo
u67,1,142,3444,54152,False,2023-01-01 02:00:53.664264561+00:00,buy now! http://spam.com #promo
u67,1,142,3444,54152,False,2023-01-01 02:00:57.698372431+00:00,buy now! http://spam.com #promo
u67,1,142,3444,54152,False,2023-01-01 02:01:07.048721878+00:00,buy now! http://spam.com #promo
u68,1,111,5272,78095,False,2023-01-01 02:00:09.877196268+00:00,buy now! http://spam.com #promo
u68,1,111,5272,78095,False,2023-01-01 02:00:14.769484897+00:00,buy now! http://spam.com #promo
u68,1,111,5272,78095,False,2023-01-01 02:00:23.274759663+00:00,buy now! http://spam.com #promo
u68,1,111,5272,78095,False,2023-01-01 02:00:27.821952605+00:00,buy now! http://spam.com #promo
u68,1,111,5272,78095,False,2023-01-01 02:00:36.215660782+00:00,buy now! http://spam.com #promo
u68,1,111,5272,78095,False,2023-01-01 02:00:43.021532132+00:00,buy now! http://spam.com #promo
u68,1,111,5272,78095,False,2023-01-01 02:00:46.752377693+00:00,buy now! http://spam.com #promo
u68,1,111,5272,78095,False,2023-01-01 02:00:52.064586443+00:00,buy now! http://spam.com #promo
u68,1,111,5272,78095,False,2023-01-01 02:00:56.605671517+00:00,buy now! http://spam.com #promo
u68,1,111,5272,78095,False,2023-01-01 02:00:59.230538661+00:00,buy now! http://spam.com #promo
u69,1,120,7309,21790,False,2023-01-01 02:00:04.771829243+00:00,buy now! http://spam.com #promo
u69,1,120,7309,21790,False,2023-01-01 02:00:06.924102425+00:00,buy now! http://spam.com #promo
u69,1,120,7309,21790,False,2023-01-01 02:00:10.248004485+00:00,buy now! http://spam.com #promo
u69,1,120,7309,21790,False,2023-01-01 02:00:18.049471051+00:00,buy now! http://spam.com #promo
u69,1,120,7309,21790,False,2023-01-01 02:00:25.714200936+00:00,buy now! http://spam.com #promo
u69,1,120,7309,21790,False,2023-01-01 02:00:33.622844027+00:00,buy now! http://spam.com #promo
u69,1,120,7309,21790,False,2023-01-01 02:00:38.160069396+00:00,buy now! http://spam.com #promo
u69,1,120,7309,21790,False,2023-01-01 02:00:47.280225052+00:00,buy now! http://spam.com #promo
u69,1,120,7309,21790,False,2023-01-01 02:00:54.030869436+00:00,buy now! http://spam.com #promo
u69,1,120,7309,21790,False,2023-01-01 02:00:57.039080169+00:00,buy now! http://spam.com #promo
u70,1,155,3718,60213,False,2023-01-01 02:00:03.383551491+00:00,buy now! http://spam.com #promo
u70,1,155,3718,60213,False,2023-01-01 02:00:09.441893103+00:00,buy now! http://spam.com #promo
u70,1,155,3718,60213,False,2023-01-01 02:00:19.376088910+00:00,buy now! http://spam.com #promo
u70,1,155,3718,60213,False,2023-01-01 02:00:21.408149747+00:00,buy now! http://spam.com #promo
u70,1,155,3718,60213,False,2023-01-01 02:00:23.540788162+00:00,buy now! http://spam.com #promo
u70,1,155,3718,60213,False,2023-01-01 02:00:33.485464817+00:00,buy now! http://spam.com #promo
u70,1,155,3718,60213,False,2023-01-01 02:00:40.162575490+00:00,buy now! http://spam.com #promo
u70,1,155,3718,60213,False,2023-01-01 02:00:43.177855294+00:00,buy now! http://spam.com #promo
u70,1,155,3718,60213,False,2023-01-01 02:00:52.356272892+00:00,buy now! http://spam.com #promo
u70,1,155,3718,60213,False,2023-01-01 02:01:01.399315293+00:00,buy now! http://spam.com #promo
u71,1,138,5075,52172,False,2023-01-01 02:00:06.974336238+00:00,buy now! http://spam.com #promo
u71,1,138,5075,52172,False,2023-01-01 02:00:11.159833770+00:00,buy now! http://spam.com #promo
u71,1,138,5075,52172,False,2023-01-01 02:00:13.563991340+00:00,buy now! http://spam.com #promo
u71,1,138,5075,52172,False,2023-01-01 02:00:20.320532211+00:00,buy now! http://spam.com #promo
u71,1,138,5075,52172,False,2023-01-01 02:00:24.678573756+00:00,buy now! http://spam.com #promo
u71,1,138,5075,52172,False,2023-01-01 02:00:31.987542129+00:00,buy now! http://spam.com #promo
u71,1,138,5075,52172,False,2023-01-01 02:00:40.677503543+00:00,buy now! http://spam.com #promo
u71,1,138,5075,52172,False,2023-01-01 02:00:42.822787894+00:00,buy now! http://spam.com #promo
u71,1,138,5075,52172,False,2023-01-01 02:00:49.588498091+00:00,buy now! http://spam.com #promo
u71,1,138,5075,52172,False,2023-01-01 02:00:53.438742408+00:00,buy now! http://spam.com #promo
u72,1,169,7369,70341,False,2023-01-01 02:00:06.886161065+00:00,buy now! http://spam.com #promo
u72,1,169,7369,70341,False,2023-01-01 02:00:13.314487785+00:00,buy now! http://spam.com #promo
u72,1,169,7369,70341,False,2023-01-01 02:00:18.483819785+00:00,buy now! http://spam.com #promo
u72,1,169,7369,70341,False,2023-01-01 02:00:25.904785893+00:00,buy now! http://spam.com #promo
u72,1,169,7369,70341,False,2023-01-01 02:00:33.710942970+00:00,buy now! http://spam.com #promo
u72,1,169,7369,70341,False,2023-01-01 02:00:40.246445332+00:00,buy now! http://spam.com #promo
u72,1,169,7369,70341,False,2023-01-01 02:00:48.313823229+00:00,buy now! http://spam.com #promo
u72,1,169,7369,70341,False,2023-01-01 02:00:58.181159836+00:00,buy now! http://spam.com #promo
u72,1,169,7369,70341,False,2023-01-01 02:01:03.535338939+00:00,buy now! http://spam.com #promo
u72,1,169,7369,70341,False,2023-01-01 02:01:09.652003354+00:00,buy now! http://spam.com #promo
u73,1,50,7713,20748,False,2023-01-01 02:00:08.368228450+00:00,buy now! http://spam.com #promo
u73,1,50,7713,20748,False,2023-01-01 02:00:14.530068986+00:00,buy now! http://spam.com #promo
u73,1,50,7713,20748,False,2023-01-01 02:00:19.793760428+00:00,buy now! http://spam.com #promo
u73,1,50,7713,20748,False,2023-01-01 02:00:22.546336132+00:00,buy now! http://spam.com #promo
u73,1,50,7713,20748,False,2023-01-01 02:00:31.663587505+00:00,buy now! http://spam.com #promo
u73,1,50,7713,20748,False,2023-01-01 02:00:36.823645425+00:00,buy now! http://spam.com #promo
u73,1,50,7713,20748,False,2023-01-01 02:00:44.284298210+00:00,buy now! http://spam.com #promo
u73,1,50,7713,20748,False,2023-01-01 02:00:47.479291460+00:00,buy now! http://spam.com #promo
u73,1,50,7713,20748,False,2023-01-01 02:00:57.171688496+00:00,buy now! http://spam.com #promo
u73,1,50,7713,20748,False,2023-01-01 02:01:00.599222590+00:00,buy now! http://spam.com #promo
u74,1,136,3997,75194,False,2023-01-01 02:00:09.300661953+00:00,buy now! http://spam.com #promo
u74,1,136,3997,75194,False,2023-01-01 02:00:12.997841213+00:00,buy now! http://spam.com #promo
u74,1,136,3997,75194,False,2023-01-01 02:00:18.756248318+00:00,buy now! http://spam.com #promo
u74,1,136,3997,75194,False,2023-01-01 02:00:26.624207554+00:00,buy now! http://spam.com #promo
u74,1,136,3997,75194,False,2023-01-01 02:00:35.651133424+00:00,buy now! http://spam.com #promo
u74,1,136,3997,75194,False,2023-01-01 02:00:40.683554984+00:00,buy now! http://spam.com #promo
u74,1,136,3997,75194,False,2023-01-01 02:00:46.819710878+00:00,buy now! http://spam.com #promo
u74,1,136,3997,75194,False,2023-01-01 02:00:54.753442162+00:00,buy now! http://spam.com #promo
u74,1,136,3997,75194,False,2023-01-01 02:01:02.602529975+00:00,buy now! http://spam.com #promo
u74,1,136,3997,75194,False,2023-01-01 02:01:10.866211015+00:00,buy now! http://spam.com #promo
u75,1,171,7748,54196,False,2023-01-01 02:00:02.836920774+00:00,buy now! http://spam.com #promo
u75,1,171,7748,54196,False,2023-01-01 02:00:12.068707101+00:00,buy now! http://spam.com #promo
u75,1,171,7748,54196,False,2023-01-01 02:00:20.993287415+00:00,buy now! http://spam.com #promo
u75,1,171,7748,54196,False,2023-01-01 02:00:29.378066901+00:00,buy now! http://spam.com #promo
u75,1,171,7748,54196,False,2023-01-01 02:00:32.176966718+00:00,buy now! http://spam.com #promo
u75,1,171,7748,54196,False,2023-01-01 02:00:35.812145654+00:00,buy now! http://spam.com #promo
u75,1,171,7748,54196,False,2023-01-01 02:00:43.760948574+00:00,buy now! http://spam.com #promo
u75,1,171,7748,54196,False,2023-01-01 02:00:45.946069330+00:00,buy now! http://spam.com #promo
u75,1,171,7748,54196,False,2023-01-01 02:00:55.779866399+00:00,buy now! http://spam.com #promo
u75,1,171,7748,54196,False,2023-01-01 02:01:00.797023841+00:00,buy now! http://spam.com #promo
u76,1,160,6596,75876,False,2023-01-01 02:00:05.157039105+00:00,buy now! http://spam.com #promo
u76,1,160,6596,75876,False,2023-01-01 02:00:09.710099013+00:00,buy now! http://spam.com #promo
u76,1,160,6596,75876,False,2023-01-01 02:00:16.580028044+00:00,buy now! http://spam.com #promo
u76,1,160,6596,75876,False,2023-01-01 02:00:23.227943033+00:00,buy now! http://spam.com #promo
u76,1,160,6596,75876,False,2023-01-01 02:00:28.501062853+00:00,buy now! http://spam.com #promo
u76,1,160,6596,75876,False,2023-01-01 02:00:35.315260899+00:00,buy now! http://spam.com #promo
u76,1,160,6596,75876,False,2023-01-01 02:00:44.798311855+00:00,buy now! http://spam.com #promo
u76,1,160,6596,75876,False,2023-01-01 02:00:50.539433908+00:00,buy now! http://spam.com #promo
u76,1,160,6596,75876,False,2023-01-01 02:00:54.113371354+00:00,buy now! http://spam.com #promo
u76,1,160,6596,75876,False,2023-01-01 02:00:59.131019217+00:00,buy now! http://spam.com #promo
u77,1,177,4813,43646,False,2023-01-01 02:00:03.048869544+00:00,buy now! http://spam.com #promo
u77,1,177,4813,43646,False,2023-01-01 02:00:06.351841548+00:00,buy now! http://spam.com #promo
u77,1,177,4813,43646,False,2023-01-01 02:00:13.828338135+00:00,buy now! http://spam.com #promo
u77,1,177,4813,43646,False,2023-01-01 02:00:18.544160168+00:00,buy now! http://spam.com #promo
u77,1,177,4813,43646,False,2023-01-01 02:00:28.183347302+00:00,buy now! http://spam.com #promo
u77,1,177,4813,43646,False,2023-01-01 02:00:32.132121264+00:00,buy now! http://spam.com #promo
u77,1,177,4813,43646,False,2023-01-01 02:00:34.923517304+00:00,buy now! http://spam.com #promo
u77,1,177,4813,43646,False,2023-01-01 02:00:42.951553808+00:00,buy now! http://spam.com #promo
u77,1,177,4813,43646,False,2023-01-01 02:00:51.999842223+00:00,buy now! http://spam.com #promo
u77,1,177,4813,43646,False,2023-01-01 02:00:56.224749077+00:00,buy now! http://spam.com #promo
u78,1,95,4010,78538,False,2023-01-01 02:00:06.176098410+00:00,buy now! http://spam.com #promo
u78,1,95,4010,78538,False,2023-01-01 02:00:11.923431539+00:00,buy now! http://spam.com #promo
u78,1,95,4010,78538,False,2023-01-01 02:00:15.998950257+00:00,buy now! http://spam.com #promo
u78,1,95,4010,78538,False,2023-01-01 02:00:18.360335192+00:00,buy now! http://spam.com #promo
u78,1,95,4010,78538,False,2023-01-01 02:00:24.212265914+00:00,buy now! http://spam.com #promo
u78,1,95,4010,78538,False,2023-01-01 02:00:33.886924695+00:00,buy now! http://spam.com #promo
u78,1,95,4010,78538,False,2023-01-01 02:00:41.107078301+00:00,buy now! http://spam.com #promo
u78,1,95,4010,78538,False,2023-01-01 02:00:47.071130754+00:00,buy now! http://spam.com #promo
u78,1,95,4010,78538,False,2023-01-01 02:00:49.956667346+00:00,buy now! http://spam.com #promo
u78,1,95,4010,78538,False,2023-01-01 02:00:53.976157670+00:00,buy now! http://spam.com #promo
u79,1,37,3677,37686,False,2023-01-01 02:00:08.118428420+00:00,buy now! http://spam.com #promo
u79,1,37,3677,37686,False,2023-01-01 02:00:17.132114798+00:00,buy now! http://spam.com #promo
u79,1,37,3677,37686,False,2023-01-01 02:00:26.345249626+00:00,buy now! http://spam.com #promo
u79,1,37,3677,37686,False,2023-01-01 02:00:36.221798492+00:00,buy now! http://spam.com #promo
u79,1,37,3677,37686,False,2023-01-01 02:00:46.080731956+00:00,buy now! http://spam.com #promo
u79,1,37,3677,37686,False,2023-01-01 02:00:55.704725018+00:00,buy now! http://spam.com #promo
u79,1,37,3677,37686,False,2023-01-01 02:00:58.279302142+00:00,buy now! http://spam.com #promo
u79,1,37,3677,37686,False,2023-01-01 02:01:01.381650429+00:00,buy now! http://spam.com #promo
u79,1,37,3677,37686,False,2023-01-01 02:01:05.817382640+00:00,buy now! http://spam.com #promo
u79,1,37,3677,37686,False,2023-01-01 02:01:12.240568672+00:00,buy now! http://spam.com #promo
u80,1,85,3484,68989,False,2023-01-01 02:00:06.934049432+00:00,buy now! http://spam.com #promo
u80,1,85,3484,68989,False,2023-01-01 02:00:13.272964650+00:00,buy now! http://spam.com #promo
u80,1,85,3484,68989,False,2023-01-01 02:00:16.595455236+00:00,buy now! http://spam.com #promo
u80,1,85,3484,68989,False,2023-01-01 02:00:20.621499031+00:00,buy now! http://spam.com #promo
u80,1,85,3484,68989,False,2023-01-01 02:00:23.903995230+00:00,buy now! http://spam.com #promo
u80,1,85,3484,68989,False,2023-01-01 02:00:32.719460492+00:00,buy now! http://spam.com #promo
u80,1,85,3484,68989,False,2023-01-01 02:00:39.393283372+00:00,buy now! http://spam.com #promo
u80,1,85,3484,68989,False,2023-01-01 02:00:47.274318792+00:00,buy now! http://spam.com #promo
u80,1,85,3484,68989,False,2023-01-01 02:00:51.642581695+00:00,buy now! http://spam.com #promo
u80,1,85,3484,68989,False,2023-01-01 02:00:56.612602791+00:00,buy now! http://spam.com #promo
u81,1,169,7176,44291,False,2023-01-01 02:00:08.080119773+00:00,buy now! http://spam.com #promo
u81,1,169,7176,44291,False,2023-01-01 02:00:16.258943674+00:00,buy now! http://spam.com #promo
u81,1,169,7176,44291,False,2023-01-01 02:00:19.913451894+00:00,buy now! http://spam.com #promo
u81,1,169,7176,44291,False,2023-01-01 02:00:29.445762747+00:00,buy now! http://spam.com #promo
u81,1,169,7176,44291,False,2023-01-01 02:00:32.411005446+00:00,buy now! http://spam.com #promo
u81,1,169,7176,44291,False,2023-01-01 02:00:41.579982105+00:00,buy now! http://spam.com #promo
u81,1,169,7176,44291,False,2023-01-01 02:00:44.383147270+00:00,buy now! http://spam.com #promo
u81,1,169,7176,44291,False,2023-01-01 02:00:48.499465759+00:00,buy now! http://spam.com #promo
u81,1,169,7176,44291,False,2023-01-01 02:00:57.271294047+00:00,buy now! http://spam.com #promo
u81,1,169,7176,44291,False,2023-01-01 02:01:00.707230625+00:00,buy now! http://spam.com #promo
u82,1,130,5067,23688,False,2023-01-01 02:00:03.962071784+00:00,buy now! http://spam.com #promo
u82,1,130,5067,23688,False,2023-01-01 02:00:11.644033394+00:00,buy now! http://spam.com #promo
u82,1,130,5067,23688,False,2023-01-01 02:00:20.454710589+00:00,buy now! http://spam.com #promo
u82,1,130,5067,23688,False,2023-01-01 02:00:29.451311707+00:00,buy now! http://spam.com #promo
u82,1,130,5067,23688,False,2023-01-01 02:00:34.165888872+00:00,buy now! http://spam.com #promo
u82,1,130,5067,23688,False,2023-01-01 02:00:40.412692026+00:00,buy now! http://spam.com #promo
u82,1,130,5067,23688,False,2023-01-01 02:00:44.399943256+00:00,buy now! http://spam.com #promo
u82,1,130,5067,23688,False,2023-01-01 02:00:48.358315268+00:00,buy now! http://spam.com #promo
u82,1,130,5067,23688,False,2023-01-01 02:00:51.648347770+00:00,buy now! http://spam.com #promo
u82,1,130,5067,23688,False,2023-01-01 02:01:01.168499856+00:00,buy now! http://spam.com #promo
u83,1,89,3371,73279,False,2023-01-01 02:00:08.218869706+00:00,buy now! http://spam.com #promo
u83,1,89,3371,73279,False,2023-01-01 02:00:14.360161876+00:00,buy now! http://spam.com #promo
u83,1,89,3371,73279,False,2023-01-01 02:00:20.285025200+00:00,buy now! http://spam.com #promo
u83,1,89,3371,73279,False,2023-01-01 02:00:26.522990529+00:00,buy now! http://spam.com #promo
u83,1,89,3371,73279,False,2023-01-01 02:00:32.815534637+00:00,buy now! http://spam.com #promo
u83,1,89,3371,73279,False,2023-01-01 02:00:38.292039314+00:00,buy now! http://spam.com #promo
u83,1,89,3371,73279,False,2023-01-01 02:00:41.346077977+00:00,buy now! http://spam.com #promo
u83,1,89,3371,73279,False,2023-01-01 02:00:44.351388799+00:00,buy now! http://spam.com #promo
u83,1,89,3371,73279,False,2023-01-01 02:00:53.969386525+00:00,buy now! http://spam.com #promo
u83,1,89,3371,73279,False,2023-01-01 02:00:59.825632601+00:00,buy now! http://spam.com #promo
u84,1,166,7766,28802,False,2023-01-01 02:00:06.435332416+00:00,buy now! http://spam.com #promo
u84,1,166,7766,28802,False,2023-01-01 02:00:10.097070442+00:00,buy now! http://spam.com #promo
u84,1,166,7766,28802,False,2023-01-01 02:00:14.122547291+00:00,buy now! http://spam.com #promo
u84,1,166,7766,28802,False,2023-01-01 02:00:16.362983921+00:00,buy now! http://spam.com #promo
u84,1,166,7766,28802,False,2023-01-01 02:00:19.314610406+00:00,buy now! http://spam.com #promo
u84,1,166,7766,28802,False,2023-01-01 02:00:28.649397667+00:00,buy now! http://spam.com #promo
u84,1,166,7766,28802,False,2023-01-01 02:00:33.221661598+00:00,buy now! http://spam.com #promo
u84,1,166,7766,28802,False,2023-01-01 02:00:40.086695293+00:00,buy now! http://spam.com #promo
u84,1,166,7766,28802,False,2023-01-01 02:00:45.806808348+00:00,buy now! http://spam.com #promo
u84,1,166,7766,28802,False,2023-01-01 02:00:51.010418309+00:00,buy now! http://spam.com #promo
u85,1,32,5643,51913,False,2023-01-01 02:00:03.497911556+00:00,buy now! http://spam.com #promo
u85,1,32,5643,51913,False,2023-01-01 02:00:13.406742744+00:00,buy now! http://spam.com #promo
u85,1,32,5643,51913,False,2023-01-01 02:00:21.953205693+00:00,buy now! http://spam.com #promo
u85,1,32,5643,51913,False,2023-01-01 02:00:29.886122754+00:00,buy now! http://spam.com #promo
u85,1,32,5643,51913,False,2023-01-01 02:00:35.636197130+00:00,buy now! http://spam.com #promo
u85,1,32,5643,51913,False,2023-01-01 02:00:38.859214107+00:00,buy now! http://spam.com #promo
u85,1,32,5643,51913,False,2023-01-01 02:00:48.224540973+00:00,buy now! http://spam.com #promo
u85,1,32,5643,51913,False,2023-01-01 02:00:52.955637512+00:00,buy now! http://spam.com #promo
u85,1,32,5643,51913,False,2023-01-01 02:00:55.356491029+00:00,buy now! http://spam.com #promo
u85,1,32,5643,51913,False,2023-01-01 02:01:00.095720443+00:00,buy now! http://spam.com #promo
u86,1,11,6972,59453,False,2023-01-01 02:00:08.006708677+00:00,buy now! http://spam.com #promo
u86,1,11,6972,59453,False,2023-01-01 02:00:16.355791747+00:00,buy now! http://spam.com #promo
u86,1,11,6972,59453,False,2023-01-01 02:00:20.051428635+00:00,buy now! http://spam.com #promo
u86,1,11,6972,59453,False,2023-01-01 02:00:29.441695163+00:00,buy now! http://spam.com #promo
u86,1,11,6972,59453,False,2023-01-01 02:00:34.945611986+00:00,buy now! http://spam.com #promo
u86,1,11,6972,59453,False,2023-01-01 02:00:42.057721180+00:00,buy now! http://spam.com #promo
u86,1,11,6972,59453,False,2023-01-01 02:00:44.076191360+00:00,buy now! http://spam.com #promo
u86,1,11,6972,59453,False,2023-01-01 02:00:54.023139347+00:00,buy now! http://spam.com #promo
u86,1,11,6972,59453,False,2023-01-01 02:00:58.270310434+00:00,buy now! http://spam.com #promo
u86,1,11,6972,59453,False,2023-01-01 02:01:00.766815286+00:00,buy now! http://spam.com #promo
u87,1,124,4987,47495,False,2023-01-01 02:00:03.032240457+00:00,buy now! http://spam.com #promo
u87,1,124,4987,47495,False,2023-01-01 02:00:06.250854138+00:00,buy now! http://spam.com #promo
u87,1,124,4987,47495,False,2023-01-01 02:00:13.309116642+00:00,buy now! http://spam.com #promo
u87,1,124,4987,47495,False,2023-01-01 02:00:18.452535774+00:00,buy now! http://spam.com #promo
u87,1,124,4987,47495,False,2023-01-01 02:00:27.827355375+00:00,buy now! http://spam.com #promo
u87,1,124,4987,47495,False,2023-01-01 02:00:32.380607331+00:00,buy now! http://spam.com #promo
u87,1,124,4987,47495,False,2023-01-01 02:00:40.190048358+00:00,buy now! http://spam.com #promo
u87,1,124,4987,47495,False,2023-01-01 02:00:45.878843799+00:00,buy now! http://spam.com #promo
u87,1,124,4987,47495,False,2023-01-01 02:00:53.158454208+00:00,buy now! http://spam.com #promo
u87,1,124,4987,47495,False,2023-01-01 02:00:59.956017061+00:00,buy now! http://spam.com #promo
u88,1,14,5363,56835,False,2023-01-01 02:00:04.741709142+00:00,buy now! http://spam.com #promo
u88,1,14,5363,56835,False,2023-01-01 02:00:08.159593151+00:00,buy now! http://spam.com #promo
u88,1,14,5363,56835,False,2023-01-01 02:00:15.584345638+00:00,buy now! http://spam.com #promo
u88,1,14,5363,56835,False,2023-01-01 02:00:24.352406128+00:00,buy now! http://spam.com #promo
u88,1,14,5363,56835,False,2023-01-01 02:00:26.674436047+00:00,buy now! http://spam.com #promo
u88,1,14,5363,56835,False,2023-01-01 02:00:32.271497554+00:00,buy now! http://spam.com #promo
u88,1,14,5363,56835,False,2023-01-01 02:00:41.411399071+00:00,buy now! http://spam.com #promo
u88,1,14,5363,56835,False,2023-01-01 02:00:49.408348022+00:00,buy now! http://spam.com #promo
u88,1,14,5363,56835,False,2023-01-01 02:00:59.342809753+00:00,buy now! http://spam.com #promo
u88,1,14,5363,56835,False,2023-01-01 02:01:05.594120245+00:00,buy now! http://spam.com #promo
u89,1,190,6754,59599,False,2023-01-01 02:00:04.419842249+00:00,buy now! http://spam.com #promo
u89,1,190,6754,59599,False,2023-01-01 02:00:14.000127046+00:00,buy now! http://spam.com #promo
u89,1,190,6754,59599,False,2023-01-01 02:00:18.930810954+00:00,buy now! http://spam.com #promo
u89,1,190,6754,59599,False,2023-01-01 02:00:26.838896655+00:00,buy now! http://spam.com #promo
u89,1,190,6754,59599,False,2023-01-01 02:00:32.064018287+00:00,buy now! http://spam.com #promo
u89,1,190,6754,59599,False,2023-01-01 02:00:38.558569727+00:00,buy now! http://spam.com #promo
u89,1,190,6754,59599,False,2023-01-01 02:00:46.316830007+00:00,buy now! http://spam.com #promo
u89,1,190,6754,59599,False,2023-01-01 02:00:52.388303221+00:00,buy now! http://spam.com #promo
u89,1,190,6754,59599,False,2023-01-01 02:01:01.644993836+00:00,buy now! http://spam.com #promo
u89,1,190,6754,59599,False,2023-01-01 02:01:06.999401739+00:00,buy now! http://spam.com #promo
u90,1,37,6235,44162,False,2023-01-01 02:00:05.265253345+00:00,buy now! http://spam.com #promo
u90,1,37,6235,44162,False,2023-01-01 02:00:10.785654210+00:00,buy now! http://spam.com #promo
u90,1,37,6235,44162,False,2023-01-01 02:00:13.792110356+00:00,buy now! http://spam.com #promo
u90,1,37,6235,44162,False,2023-01-01 02:00:16.525899788+00:00,buy now! http://spam.com #promo
u90,1,37,6235,44162,False,2023-01-01 02:00:23.865819173+00:00,buy now! http://spam.com #promo
u90,1,37,6235,44162,False,2023-01-01 02:00:31.109961079+00:00,buy now! http://spam.com #promo
u90,1,37,6235,44162,False,2023-01-01 02:00:38.413238792+00:00,buy now! http://spam.com #promo
u90,1,37,6235,44162,False,2023-01-01 02:00:40.571370354+00:00,buy now! http://spam.com #promo
u90,1,37,6235,44162,False,2023-01-01 02:00:45.183745095+00:00,buy now! http://spam.com #promo
u90,1,37,6235,44162,False,2023-01-01 02:00:48.766223873+00:00,buy now! http://spam.com #promo
u91,1,68,3812,66689,False,2023-01-01 02:00:08.885043211+00:00,buy now! http://spam.com #promo
u91,1,68,3812,66689,False,2023-01-01 02:00:12.858486228+00:00,buy now! http://spam.com #promo
u91,1,68,3812,66689,False,2023-01-01 02:00:20.201279498+00:00,buy now! http://spam.com #promo
u91,1,68,3812,66689,False,2023-01-01 02:00:23.236181925+00:00,buy now! http://spam.com #promo
u91,1,68,3812,66689,False,2023-01-01 02:00:27.437402129+00:00,buy now! http://spam.com #promo
u91,1,68,3812,66689,False,2023-01-01 02:00:30.546638098+00:00,buy now! http://spam.com #promo
u91,1,68,3812,66689,False,2023-01-01 02:00:34.814804230+00:00,buy now! http://spam.com #promo
u91,1,68,3812,66689,False,2023-01-01 02:00:42.212696608+00:00,buy now! http://spam.com #promo
u91,1,68,3812,66689,False,2023-01-01 02:00:51.495311889+00:00,buy now! http://spam.com #promo
u91,1,68,3812,66689,False,2023-01-01 02:00:55.115491152+00:00,buy now! http://spam.com #promo
u92,1,192,5710,52758,False,2023-01-01 02:00:09.623379747+00:00,buy now! http://spam.com #promo
u92,1,192,5710,52758,False,2023-01-01 02:00:16.503863610+00:00,buy now! http://spam.com #promo
u92,1,192,5710,52758,False,2023-01-01 02:00:20.544719058+00:00,buy now! http://spam.com #promo
u92,1,192,5710,52758,False,2023-01-01 02:00:27.548544313+00:00,buy now! http://spam.com #promo
u92,1,192,5710,52758,False,2023-01-01 02:00:32.112473606+00:00,buy now! http://spam.com #promo
u92,1,192,5710,52758,False,2023-01-01 02:00:41.921500731+00:00,buy now! http://spam.com #promo
u92,1,192,5710,52758,False,2023-01-01 02:00:47.118909812+00:00,buy now! http://spam.com #promo
u92,1,192,5710,52758,False,2023-01-01 02:00:54.602331578+00:00,buy now! http://spam.com #promo
u92,1,192,5710,52758,False,2023-01-01 02:00:56.788152236+00:00,buy now! http://spam.com #promo
u92,1,192,5710,52758,False,2023-01-01 02:01:01.988643805+00:00,buy now! http://spam.com #promo
u93,1,140,6504,72506,False,2023-01-01 02:00:06.881819555+00:00,buy now! http://spam.com #promo
u93,1,140,6504,72506,False,2023-01-01 02:00:12.433362646+00:00,buy now! http://spam.com #promo
u93,1,140,6504,72506,False,2023-01-01 02:00:21.920862641+00:00,buy now! http://spam.com #promo
u93,1,140,6504,72506,False,2023-01-01 02:00:30.752737650+00:00,buy now! http://spam.com #promo
u93,1,140,6504,72506,False,2023-01-01 02:00:35.330463040+00:00,buy now! http://spam.com #promo
u93,1,140,6504,72506,False,2023-01-01 02:00:41.686850256+00:00,buy now! http://spam.com #promo
u93,1,140,6504,72506,False,2023-01-01 02:00:47.605444304+00:00,buy now! http://spam.com #promo
u93,1,140,6504,72506,False,2023-01-01 02:00:54.663064304+00:00,buy now! http://spam.com #promo
u93,1,140,6504,72506,False,2023-01-01 02:00:59.335954439+00:00,buy now! http://spam.com #promo
u93,1,140,6504,72506,False,2023-01-01 02:01:03.289594445+00:00,buy now! http://spam.com #promo
u94,1,80,7563,77267,False,2023-01-01 02:00:08.746583086+00:00,buy now! http://spam.com #promo
u94,1,80,7563,77267,False,2023-01-01 02:00:18.572218532+00:00,buy now! http://spam.com #promo
u94,1,80,7563,77267,False,2023-01-01 02:00:26.532150738+00:00,buy now! http://spam.com #promo
u94,1,80,7563,77267,False,2023-01-01 02:00:34.649488566+00:00,buy now! http://spam.com #promo
u94,1,80,7563,77267,False,2023-01-01 02:00:42.750209301+00:00,buy now! http://spam.com #promo
u94,1,80,7563,77267,False,2023-01-01 02:00:48.595070348+00:00,buy now! http://spam.com #promo
u94,1,80,7563,77267,False,2023-01-01 02:00:54.246687904+00:00,buy now! http://spam.com #promo
u94,1,80,7563,77267,False,2023-01-01 02:00:58.168498113+00:00,buy now! http://spam.com #promo
u94,1,80,7563,77267,False,2023-01-01 02:01:05.327051667+00:00,buy now! http://spam.com #promo
u94,1,80,7563,77267,False,2023-01-01 02:01:09.641612755+00:00,buy now! http://spam.com #promo
u95,1,184,4526,35468,False,2023-01-01 02:00:06.687690992+00:00,buy now! http://spam.com #promo
u95,1,184,4526,35468,False,2023-01-01 02:00:11.967550097+00:00,buy now! http://spam.com #promo
u95,1,184,4526,35468,False,2023-01-01 02:00:15.718402967+00:00,buy now! http://spam.com #promo
u95,1,184,4526,35468,False,2023-01-01 02:00:24.246851101+00:00,buy now! http://spam.com #promo
u95,1,184,4526,35468,False,2023-01-01 02:00:33.131410455+00:00,buy now! http://spam.com #promo
u95,1,184,4526,35468,False,2023-01-01 02:00:36.473006612+00:00,buy now! http://spam.com #promo
u95,1,184,4526,35468,False,2023-01-01 02:00:38.533062874+00:00,buy now! http://spam.com #promo
u95,1,184,4526,35468,False,2023-01-01 02:00:43.222102622+00:00,buy now! http://spam.com #promo
u95,1,184,4526,35468,False,2023-01-01 02:00:51.602189307+00:00,buy now! http://spam.com #promo
u95,1,184,4526,35468,False,2023-01-01 02:01:00.315580236+00:00,buy now! http://spam.com #promo
u96,1,46,3691,61993,False,2023-01-01 02:00:02.925633338+00:00,buy now! http://spam.com #promo
u96,1,46,3691,61993,False,2023-01-01 02:00:08.046134059+00:00,buy now! http://spam.com #promo
u96,1,46,3691,61993,False,2023-01-01 02:00:18.035010179+00:00,buy now! http://spam.com #promo
u96,1,46,3691,61993,False,2023-01-01 02:00:21.575736764+00:00,buy now! http://spam.com #promo
u96,1,46,3691,61993,False,2023-01-01 02:00:24.807445424+00:00,buy now! http://spam.com #promo
u96,1,46,3691,61993,False,2023-01-01 02:00:30.189848084+00:00,buy now! http://spam.com #promo
u96,1,46,3691,61993,False,2023-01-01 02:00:37.147196291+00:00,buy now! http://spam.com #promo
u96,1,46,3691,61993,False,2023-01-01 02:00:46.610402550+00:00,buy now! http://spam.com #promo
u96,1,46,3691,61993,False,2023-01-01 02:00:56.456971714+00:00,buy now! http://spam.com #promo
u96,1,46,3691,61993,False,2023-01-01 02:00:59.014096806+00:00,buy now! http://spam.com #promo
u97,1,154,7692,28279,False,2023-01-01 02:00:08.325903791+00:00,buy now! http://spam.com #promo
u97,1,154,7692,28279,False,2023-01-01 02:00:12.490961009+00:00,buy now! http://spam.com #promo
u97,1,154,7692,28279,False,2023-01-01 02:00:21.569753485+00:00,buy now! http://spam.com #promo
u97,1,154,7692,28279,False,2023-01-01 02:00:28.877379542+00:00,buy now! http://spam.com #promo
u97,1,154,7692,28279,False,2023-01-01 02:00:31.772137961+00:00,buy now! http://spam.com #promo
u97,1,154,7692,28279,False,2023-01-01 02:00:40.432372240+00:00,buy now! http://spam.com #promo
u97,1,154,7692,28279,False,2023-01-01 02:00:43.843223280+00:00,buy now! http://spam.com #promo
u97,1,154,7692,28279,False,2023-01-01 02:00:49.231186437+00:00,buy now! http://spam.com #promo
u97,1,154,7692,28279,False,2023-01-01 02:00:55.648665865+00:00,buy now! http://spam.com #promo
u97,1,154,7692,28279,False,2023-01-01 02:01:01.654795057+00:00,buy now! http://spam.com #promo
u98,1,59,6430,67788,False,2023-01-01 02:00:09.936336044+00:00,buy now! http://spam.com #promo
u98,1,59,6430,67788,False,2023-01-01 02:00:19.931711317+00:00,buy now! http://spam.com #promo
u98,1,59,6430,67788,False,2023-01-01 02:00:26.063386538+00:00,buy now! http://spam.com #promo
u98,1,59,6430,67788,False,2023-01-01 02:00:28.824979233+00:00,buy now! http://spam.com #promo
u98,1,59,6430,67788,False,2023-01-01 02:00:36.647725624+00:00,buy now! http://spam.com #promo
u98,1,59,6430,67788,False,2023-01-01 02:00:46.461038249+00:00,buy now! http://spam.com #promo
u98,1,59,6430,67788,False,2023-01-01 02:00:51.007649350+00:00,buy now! http://spam.com #promo
u98,1,59,6430,67788,False,2023-01-01 02:00:56.697320436+00:00,buy now! http://spam.com #promo
u98,1,59,6430,67788,False,2023-01-01 02:01:02.095535834+00:00,buy now! http://spam.com #promo
u98,1,59,6430,67788,False,2023-01-01 02:01:04.506889070+00:00,buy now! http://spam.com #promo
u99,1,130,4843,60335,False,2023-01-01 02:00:04.826701560+00:00,buy now! http://spam.com #promo
u99,1,130,4843,60335,False,2023-01-01 02:00:13.126412557+00:00,buy now! http://spam.com #promo
u99,1,130,4843,60335,False,2023-01-01 02:00:21.783373159+00:00,buy now! http://spam.com #promo
u99,1,130,4843,60335,False,2023-01-01 02:00:30.353219451+00:00,buy now! http://spam.com #promo
u99,1,130,4843,60335,False,2023-01-01 02:00:35.686547435+00:00,buy now! http://spam.com #promo
u99,1,130,4843,60335,False,2023-01-01 02:00:40.258912892+00:00,buy now! http://spam.com #promo
u99,1,130,4843,60335,False,2023-01-01 02:00:48.249479129+00:00,buy now! http://spam.com #promo
u99,1,130,4843,60335,False,2023-01-01 02:00:56.660594599+00:00,buy now! http://spam.com #promo
u99,1,130,4843,60335,False,2023-01-01 02:01:02.590654170+00:00,buy now! http://spam.com #promo
u99,1,130,4843,60335,False,2023-01-01 02:01:11.734902326+00:00,buy now! http://spam.com #promo
u100,1,53,3719,54191,False,2023-01-01 02:00:02.768761863+00:00,buy now! http://spam.com #promo
u100,1,53,3719,54191,False,2023-01-01 02:00:05.996966039+00:00,buy now! http://spam.com #promo
u100,1,53,3719,54191,False,2023-01-01 02:00:12.267686145+00:00,buy now! http://spam.com #promo
u100,1,53,3719,54191,False,2023-01-01 02:00:14.807833986+00:00,buy now! http://spam.com #promo
u100,1,53,3719,54191,False,2023-01-01 02:00:17.230290797+00:00,buy now! http://spam.com #promo
u100,1,53,3719,54191,False,2023-01-01 02:00:19.234440750+00:00,buy now! http://spam.com #promo
u100,1,53,3719,54191,False,2023-01-01 02:00:24.724974027+00:00,buy now! http://spam.com #promo
u100,1,53,3719,54191,False,2023-01-01 02:00:32.921965077+00:00,buy now! http://spam.com #promo
u100,1,53,3719,54191,False,2023-01-01 02:00:35.200671879+00:00,buy now! http://spam.com #promo
u100,1,53,3719,54191,False,2023-01-01 02:00:42.418732730+00:00,buy now! http://spam.com #promo
u101,1,175,6733,69387,False,2023-01-01 02:00:03.344006788+00:00,buy now! http://spam.com #promo
u101,1,175,6733,69387,False,2023-01-01 02:00:06.518916666+00:00,buy now! http://spam.com #promo
u101,1,175,6733,69387,False,2023-01-01 02:00:15.405324454+00:00,buy now! http://spam.com #promo
u101,1,175,6733,69387,False,2023-01-01 02:00:23.990321333+00:00,buy now! http://spam.com #promo
u101,1,175,6733,69387,False,2023-01-01 02:00:30.301855463+00:00,buy now! http://spam.com #promo
u101,1,175,6733,69387,False,2023-01-01 02:00:38.855454497+00:00,buy now! http://spam.com #promo
u101,1,175,6733,69387,False,2023-01-01 02:00:41.597503116+00:00,buy now! http://spam.com #promo
u101,1,175,6733,69387,False,2023-01-01 02:00:46.753355259+00:00,buy now! http://spam.com #promo
u101,1,175,6733,69387,False,2023-01-01 02:00:54.655735707+00:00,buy now! http://spam.com #promo
u101,1,175,6733,69387,False,2023-01-01 02:00:58.715351381+00:00,buy now! http://spam.com #promo
u102,1,65,6761,32088,False,2023-01-01 02:00:08.002127903+00:00,buy now! http://spam.com #promo
u102,1,65,6761,32088,False,2023-01-01 02:00:13.719565005+00:00,buy now! http://spam.com #promo
u102,1,65,6761,32088,False,2023-01-01 02:00:18.662799726+00:00,buy now! http://spam.com #promo
u102,1,65,6761,32088,False,2023-01-01 02:00:22.416313457+00:00,buy now! http://spam.com #promo
u102,1,65,6761,32088,False,2023-01-01 02:00:26.083348188+00:00,buy now! http://spam.com #promo
u102,1,65,6761,32088,False,2023-01-01 02:00:34.095274672+00:00,buy now! http://spam.com #promo
u102,1,65,6761,32088,False,2023-01-01 02:00:37.046557456+00:00,buy now! http://spam.com #promo
u102,1,65,6761,32088,False,2023-01-01 02:00:39.734416256+00:00,buy now! http://spam.com #promo
u102,1,65,6761,32088,False,2023-01-01 02:00:43.144747176+00:00,buy now! http://spam.com #promo
u102,1,65,6761,32088,False,2023-01-01 02:00:46.547519267+00:00,buy now! http://spam.com #promo
u103,1,100,3219,69386,False,2023-01-01 02:00:05.188052987+00:00,buy now! http://spam.com #promo
u103,1,100,3219,69386,False,2023-01-01 02:00:15.111160645+00:00,buy now! http://spam.com #promo
u103,1,100,3219,69386,False,2023-01-01 02:00:18.208850707+00:00,buy now! http://spam.com #promo
u103,1,100,3219,69386,False,2023-01-01 02:00:25.437169312+00:00,buy now! http://spam.com #promo
u103,1,100,3219,69386,False,2023-01-01 02:00:31.027005369+00:00,buy now! http://spam.com #promo
u103,1,100,3219,69386,False,2023-01-01 02:00:36.170350782+00:00,buy now! http://spam.com #promo
u103,1,100,3219,69386,False,2023-01-01 02:00:45.171024374+00:00,buy now! http://spam.com #promo
u103,1,100,3219,69386,False,2023-01-01 02:00:54.975789540+00:00,buy now! http://spam.com #promo
u103,1,100,3219,69386,False,2023-01-01 02:01:03.958661210+00:00,buy now! http://spam.com #promo
u103,1,100,3219,69386,False,2023-01-01 02:01:07.497066642+00:00,buy now! http://spam.com #promo
u104,1,123,4103,48389,False,2023-01-01 02:00:04.312668653+00:00,buy now! http://spam.com #promo
u104,1,123,4103,48389,False,2023-01-01 02:00:12.190469699+00:00,buy now! http://spam.com #promo
u104,1,123,4103,48389,False,2023-01-01 02:00:18.721834905+00:00,buy now! http://spam.com #promo
u104,1,123,4103,48389,False,2023-01-01 02:00:25.129105052+00:00,buy now! http://spam.com #promo
u104,1,123,4103,48389,False,2023-01-01 02:00:33.757480450+00:00,buy now! http://spam.com #promo
u104,1,123,4103,48389,False,2023-01-01 02:00:41.441742623+00:00,buy now! http://spam.com #promo
u104,1,123,4103,48389,False,2023-01-01 02:00:43.654364742+00:00,buy now! http://spam.com #promo
u104,1,123,4103,48389,False,2023-01-01 02:00:46.050037839+00:00,buy now! http://spam.com #promo
u104,1,123,4103,48389,False,2023-01-01 02:00:52.862505458+00:00,buy now! http://spam.com #promo
u104,1,123,4103,48389,False,2023-01-01 02:00:58.752042062+00:00,buy now! http://spam.com #promo
u105,1,131,6095,35611,False,2023-01-01 02:00:05.349248698+00:00,buy now! http://spam.com #promo
u105,1,131,6095,35611,False,2023-01-01 02:00:13.412531247+00:00,buy now! http://spam.com #promo
u105,1,131,6095,35611,False,2023-01-01 02:00:22.025423124+00:00,buy now! http://spam.com #promo
u105,1,131,6095,35611,False,2023-01-01 02:00:28.515207667+00:00,buy now! http://spam.com #promo
u105,1,131,6095,35611,False,2023-01-01 02:00:33.598163513+00:00,buy now! http://spam.com #promo
u105,1,131,6095,35611,False,2023-01-01 02:00:37.763737604+00:00,buy now! http://spam.com #promo
u105,1,131,6095,35611,False,2023-01-01 02:00:43.939085370+00:00,buy now! http://spam.com #promo
u105,1,131,6095,35611,False,2023-01-01 02:00:48.457082318+00:00,buy now! http://spam.com #promo
u105,1,131,6095,35611,False,2023-01-01 02:00:54.969843414+00:00,buy now! http://spam.com #promo
u105,1,131,6095,35611,False,2023-01-01 02:01:02.383062474+00:00,buy now! http://spam.com #promo
u106,1,168,3330,41739,False,2023-01-01 02:00:03.698217110+00:00,buy now! http://spam.com #promo
u106,1,168,3330,41739,False,2023-01-01 02:00:12.854309091+00:00,buy now! http://spam.com #promo
u106,1,168,3330,41739,False,2023-01-01 02:00:20.024635196+00:00,buy now! http://spam.com #promo
u106,1,168,3330,41739,False,2023-01-01 02:00:23.400318011+00:00,buy now! http://spam.com #promo
u106,1,168,3330,41739,False,2023-01-01 02:00:32.522429705+00:00,buy now! http://spam.com #promo
u106,1,168,3330,41739,False,2023-01-01 02:00:38.282077227+00:00,buy now! http://spam.com #promo
u106,1,168,3330,41739,False,2023-01-01 02:00:44.090811280+00:00,buy now! http://spam.com #promo
u106,1,168,3330,41739,False,2023-01-01 02:00:53.575146830+00:00,buy now! http://spam.com #promo
u106,1,168,3330,41739,False,2023-01-01 02:00:56.051040367+00:00,buy now! http://spam.com #promo
u106,1,168,3330,41739,False,2023-01-01 02:00:59.772466564+00:00,buy now! http://spam.com #promo
u107,1,0,5370,55146,False,2023-01-01 02:00:03.563892076+00:00,buy now! http://spam.com #promo
u107,1,0,5370,55146,False,2023-01-01 02:00:11.000108149+00:00,buy now! http://spam.com #promo
u107,1,0,5370,55146,False,2023-01-01 02:00:14.712846463+00:00,buy now! http://spam.com #promo
u107,1,0,5370,55146,False,2023-01-01 02:00:17.506102227+00:00,buy now! http://spam.com #promo
u107,1,0,5370,55146,False,2023-01-01 02:00:21.161983504+00:00,buy now! http://spam.com #promo
u107,1,0,5370,55146,False,2023-01-01 02:00:26.543855778+00:00,buy now! http://spam.com #promo
u107,1,0,5370,55146,False,2023-01-01 02:00:29.952962171+00:00,buy now! http://spam.com #promo
u107,1,0,5370,55146,False,2023-01-01 02:00:33.030498370+00:00,buy now! http://spam.com #promo
u107,1,0,5370,55146,False,2023-01-01 02:00:41.912753459+00:00,buy now! http://spam.com #promo
u107,1,0,5370,55146,False,2023-01-01 02:00:46.475931087+00:00,buy now! http://spam.com #promo
u108,1,68,4803,34658,False,2023-01-01 02:00:04.858956988+00:00,buy now! http://spam.com #promo
u108,1,68,4803,34658,False,2023-01-01 02:00:08.977414406+00:00,buy now! http://spam.com #promo
u108,1,68,4803,34658,False,2023-01-01 02:00:15.861294944+00:00,buy now! http://spam.com #promo
u108,1,68,4803,34658,False,2023-01-01 02:00:19.504417325+00:00,buy now! http://spam.com #promo
u108,1,68,4803,34658,False,2023-01-01 02:00:28.611340949+00:00,buy now! http://spam.com #promo
u108,1,68,4803,34658,False,2023-01-01 02:00:38.048673916+00:00,buy now! http://spam.com #promo
u108,1,68,4803,34658,False,2023-01-01 02:00:40.847322373+00:00,buy now! http://spam.com #promo
u108,1,68,4803,34658,False,2023-01-01 02:00:43.706546023+00:00,buy now! http://spam.com #promo
u108,1,68,4803,34658,False,2023-01-01 02:00:46.629157527+00:00,buy now! http://spam.com #promo
u108,1,68,4803,34658,False,2023-01-01 02:00:53.585711577+00:00,buy now! http://spam.com #promo
u109,1,11,5036,27318,False,2023-01-01 02:00:08.819058543+00:00,buy now! http://spam.com #promo
u109,1,11,5036,27318,False,2023-01-01 02:00:16.853230662+00:00,buy now! http://spam.com #promo
u109,1,11,5036,27318,False,2023-01-01 02:00:25.411701527+00:00,buy now! http://spam.com #promo
u109,1,11,5036,27318,False,2023-01-01 02:00:31.620185742+00:00,buy now! http://spam.com #promo
u109,1,11,5036,27318,False,2023-01-01 02:00:41.593603434+00:00,buy now! http://spam.com #promo
u109,1,11,5036,27318,False,2023-01-01 02:00:43.947004257+00:00,buy now! http://spam.com #promo
u109,1,11,5036,27318,False,2023-01-01 02:00:49.157123970+00:00,buy now! http://spam.com #promo
u109,1,11,5036,27318,False,2023-01-01 02:00:53.748617321+00:00,buy now! http://spam.com #promo
u109,1,11,5036,27318,False,2023-01-01 02:01:03.337781310+00:00,buy now! http://spam.com #promo
u109,1,11,5036,27318,False,2023-01-01 02:01:09.952668977+00:00,buy now! http://spam.com #promo
u110,1,183,7030,75496,False,2023-01-01 02:00:09.829073151+00:00,buy now! http://spam.com #promo
u110,1,183,7030,75496,False,2023-01-01 02:00:15.818189526+00:00,buy now! http://spam.com #promo
u110,1,183,7030,75496,False,2023-01-01 02:00:21.767566136+00:00,buy now! http://spam.com #promo
u110,1,183,7030,75496,False,2023-01-01 02:00:31.534643964+00:00,buy now! http://spam.com #promo
u110,1,183,7030,75496,False,2023-01-01 02:00:36.580502853+00:00,buy now! http://spam.com #promo
u110,1,183,7030,75496,False,2023-01-01 02:00:41.760703049+00:00,buy now! http://spam.com #promo
u110,1,183,7030,75496,False,2023-01-01 02:00:48.438724671+00:00,buy now! http://spam.com #promo
u110,1,183,7030,75496,False,2023-01-01 02:00:51.463145555+00:00,buy now! http://spam.com #promo
u110,1,183,7030,75496,False,2023-01-01 02:00:56.031830566+00:00,buy now! http://spam.com #promo
u110,1,183,7030,75496,False,2023-01-01 02:00:59.577497145+00:00,buy now! http://spam.com #promo
u111,1,34,7909,26197,False,2023-01-01 02:00:08.929156850+00:00,buy now! http://spam.com #promo
u111,1,34,7909,26197,False,2023-01-01 02:00:15.643806179+00:00,buy now! http://spam.com #promo
u111,1,34,7909,26197,False,2023-01-01 02:00:20.513188511+00:00,buy now! http://spam.com #promo
u111,1,34,7909,26197,False,2023-01-01 02:00:25.782543529+00:00,buy now! http://spam.com #promo
u111,1,34,7909,26197,False,2023-01-01 02:00:31.234695558+00:00,buy now! http://spam.com #promo
u111,1,34,7909,26197,False,2023-01-01 02:00:38.299889015+00:00,buy now! http://spam.com #promo
u111,1,34,7909,26197,False,2023-01-01 02:00:47.714044146+00:00,buy now! http://spam.com #promo
u111,1,34,7909,26197,False,2023-01-01 02:00:57.176281103+00:00,buy now! http://spam.com #promo
u111,1,34,7909,26197,False,2023-01-01 02:01:02.308216939+00:00,buy now! http://spam.com #promo
u111,1,34,7909,26197,False,2023-01-01 02:01:06.942316615+00:00,buy now! http://spam.com #promo
u112,1,54,5255,78158,False,2023-01-01 02:00:05.694543291+00:00,buy now! http://spam.com #promo
u112,1,54,5255,78158,False,2023-01-01 02:00:12.964570569+00:00,buy now! http://spam.com #promo
u112,1,54,5255,78158,False,2023-01-01 02:00:19.399762756+00:00,buy now! http://spam.com #promo
u112,1,54,5255,78158,False,2023-01-01 02:00:23.965487129+00:00,buy now! http://spam.com #promo
u112,1,54,5255,78158,False,2023-01-01 02:00:28.731333575+00:00,buy now! http://spam.com #promo
u112,1,54,5255,78158,False,2023-01-01 02:00:33.760075875+00:00,buy now! http://spam.com #promo
u112,1,54,5255,78158,False,2023-01-01 02:00:36.517194020+00:00,buy now! http://spam.com #promo
u112,1,54,5255,78158,False,2023-01-01 02:00:39.845695079+00:00,buy now! http://spam.com #promo
u112,1,54,5255,78158,False,2023-01-01 02:00:47.630605496+00:00,buy now! http://spam.com #promo
u112,1,54,5255,78158,False,2023-01-01 02:00:52.743379188+00:00,buy now! http://spam.com #promo
u113,1,113,7316,32872,False,2023-01-01 02:00:06.501379284+00:00,buy now! http://spam.com #promo
u113,1,113,7316,32872,False,2023-01-01 02:00:14.545695623+00:00,buy now! http://spam.com #promo
u113,1,113,7316,32872,False,2023-01-01 02:00:18.605074521+00:00,buy now! http://spam.com #promo
u113,1,113,7316,32872,False,2023-01-01 02:00:27.219393576+00:00,buy now! http://spam.com #promo
u113,1,113,7316,32872,False,2023-01-01 02:00:36.639432453+00:00,buy now! http://spam.com #promo
u113,1,113,7316,32872,False,2023-01-01 02:00:43.418588685+00:00,buy now! http://spam.com #promo
u113,1,113,7316,32872,False,2023-01-01 02:00:50.770169956+00:00,buy now! http://spam.com #promo
u113,1,113,7316,32872,False,2023-01-01 02:00:53.190777878+00:00,buy now! http://spam.com #promo
u113,1,113,7316,32872,False,2023-01-01 02:01:02.754937006+00:00,buy now! http://spam.com #promo
u113,1,113,7316,32872,False,2023-01-01 02:01:07.894814880+00:00,buy now! http://spam.com #promo
u114,1,20,7619,75279,False,2023-01-01 02:00:02.036950390+00:00,buy now! http://spam.com #promo
u114,1,20,7619,75279,False,2023-01-01 02:00:04.345286384+00:00,buy now! http://spam.com #promo
u114,1,20,7619,75279,False,2023-01-01 02:00:11.788636829+00:00,buy now! http://spam.com #promo
u114,1,20,7619,75279,False,2023-01-01 02:00:18.289980939+00:00,buy now! http://spam.com #promo
u114,1,20,7619,75279,False,2023-01-01 02:00:20.502240436+00:00,buy now! http://spam.com #promo
u114,1,20,7619,75279,False,2023-01-01 02:00:28.449920125+00:00,buy now! http://spam.com #promo
u114,1,20,7619,75279,False,2023-01-01 02:00:37.267082821+00:00,buy now! http://spam.com #promo
u114,1,20,7619,75279,False,2023-01-01 02:00:43.238422680+00:00,buy now! http://spam.com #promo
u114,1,20,7619,75279,False,2023-01-01 02:00:48.964482202+00:00,buy now! http://spam.com #promo
u114,1,20,7619,75279,False,2023-01-01 02:00:51.008267072+00:00,buy now! http://spam.com #promo
u115,1,115,5839,67198,False,2023-01-01 02:00:04.645728533+00:00,buy now! http://spam.com #promo
u115,1,115,5839,67198,False,2023-01-01 02:00:13.675837491+00:00,buy now! http://spam.com #promo
u115,1,115,5839,67198,False,2023-01-01 02:00:18.660322191+00:00,buy now! http://spam.com #promo
u115,1,115,5839,67198,False,2023-01-01 02:00:25.180945476+00:00,buy now! http://spam.com #promo
u115,1,115,5839,67198,False,2023-01-01 02:00:29.343679781+00:00,buy now! http://spam.com #promo
u115,1,115,5839,67198,False,2023-01-01 02:00:32.628386281+00:00,buy now! http://spam.com #promo
u115,1,115,5839,67198,False,2023-01-01 02:00:40.827649508+00:00,buy now! http://spam.com #promo
u115,1,115,5839,67198,False,2023-01-01 02:00:46.800373338+00:00,buy now! http://spam.com #promo
u115,1,115,5839,67198,False,2023-01-01 02:00:53.092276728+00:00,buy now! http://spam.com #promo
u115,1,115,5839,67198,False,2023-01-01 02:01:02.815604355+00:00,buy now! http://spam.com #promo
u116,1,15,7817,67512,False,2023-01-01 02:00:03.500874342+00:00,buy now! http://spam.com #promo
u116,1,15,7817,67512,False,2023-01-01 02:00:10.255055896+00:00,buy now! http://spam.com #promo
u116,1,15,7817,67512,False,2023-01-01 02:00:19.280235293+00:00,buy now! http://spam.com #promo
u116,1,15,7817,67512,False,2023-01-01 02:00:24.275946784+00:00,buy now! http://spam.com #promo
u116,1,15,7817,67512,False,2023-01-01 02:00:27.084796111+00:00,buy now! http://spam.com #promo
u116,1,15,7817,67512,False,2023-01-01 02:00:35.572499328+00:00,buy now! http://spam.com #promo
u116,1,15,7817,67512,False,2023-01-01 02:00:41.426607738+00:00,buy now! http://spam.com #promo
u116,1,15,7817,67512,False,2023-01-01 02:00:47.941749180+00:00,buy now! http://spam.com #promo
u116,1,15,7817,67512,False,2023-01-01 02:00:57.798903550+00:00,buy now! http://spam.com #promo
u116,1,15,7817,67512,False,2023-01-01 02:01:04.656594993+00:00,buy now! http://spam.com #promo
u117,1,171,7550,45498,False,2023-01-01 02:00:04.959874942+00:00,buy now! http://spam.com #promo
u117,1,171,7550,45498,False,2023-01-01 02:00:10.300829283+00:00,buy now! http://spam.com #promo
u117,1,171,7550,45498,False,2023-01-01 02:00:13.248021948+00:00,buy now! http://spam.com #promo
u117,1,171,7550,45498,False,2023-01-01 02:00:21.606026415+00:00,buy now! http://spam.com #promo
u117,1,171,7550,45498,False,2023-01-01 02:00:30.307761280+00:00,buy now! http://spam.com #promo
u117,1,171,7550,45498,False,2023-01-01 02:00:34.582938356+00:00,buy now! http://spam.com #promo
u117,1,171,7550,45498,False,2023-01-01 02:00:39.013311303+00:00,buy now! http://spam.com #promo
u117,1,171,7550,45498,False,2023-01-01 02:00:48.007985353+00:00,buy now! http://spam.com #promo
u117,1,171,7550,45498,False,2023-01-01 02:00:50.199748197+00:00,buy now! http://spam.com #promo
u117,1,171,7550,45498,False,2023-01-01 02:00:56.363407747+00:00,buy now! http://spam.com #promo
u118,1,101,5318,46016,False,2023-01-01 02:00:03.307133601+00:00,buy now! http://spam.com #promo
u118,1,101,5318,46016,False,2023-01-01 02:00:10.653779527+00:00,buy now! http://spam.com #promo
u118,1,101,5318,46016,False,2023-01-01 02:00:15.667651589+00:00,buy now! http://spam.com #promo
u118,1,101,5318,46016,False,2023-01-01 02:00:22.617369814+00:00,buy now! http://spam.com #promo
u118,1,101,5318,46016,False,2023-01-01 02:00:24.938129892+00:00,buy now! http://spam.com #promo
u118,1,101,5318,46016,False,2023-01-01 02:00:30.631947469+00:00,buy now! http://spam.com #promo
u118,1,101,5318,46016,False,2023-01-01 02:00:36.809954620+00:00,buy now! http://spam.com #promo
u118,1,101,5318,46016,False,2023-01-01 02:00:40.524565842+00:00,buy now! http://spam.com #promo
u118,1,101,5318,46016,False,2023-01-01 02:00:43.641555075+00:00,buy now! http://spam.com #promo
u118,1,101,5318,46016,False,2023-01-01 02:00:47.149349499+00:00,buy now! http://spam.com #promo
u119,1,138,5461,40648,False,2023-01-01 02:00:02.774481194+00:00,buy now! http://spam.com #promo
u119,1,138,5461,40648,False,2023-01-01 02:00:12.353039559+00:00,buy now! http://spam.com #promo
u119,1,138,5461,40648,False,2023-01-01 02:00:17.592992050+00:00,buy now! http://spam.com #promo
u119,1,138,5461,40648,False,2023-01-01 02:00:26.064748870+00:00,buy now! http://spam.com #promo
u119,1,138,5461,40648,False,2023-01-01 02:00:35.860085854+00:00,buy now! http://spam.com #promo
u119,1,138,5461,40648,False,2023-01-01 02:00:38.505968094+00:00,buy now! http://spam.com #promo
u119,1,138,5461,40648,False,2023-01-01 02:00:45.719323837+00:00,buy now! http://spam.com #promo
u119,1,138,5461,40648,False,2023-01-01 02:00:54.690596530+00:00,buy now! http://spam.com #promo
u119,1,138,5461,40648,False,2023-01-01 02:01:01.764472001+00:00,buy now! http://spam.com #promo
u119,1,138,5461,40648,False,2023-01-01 02:01:07.196680971+00:00,buy now! http://spam.com #promo
u120,1,26,5155,41866,False,2023-01-01 02:00:06.276806010+00:00,buy now! http://spam.com #promo
u120,1,26,5155,41866,False,2023-01-01 02:00:16.225149984+00:00,buy now! http://spam.com #promo
u120,1,26,5155,41866,False,2023-01-01 02:00:25.894810191+00:00,buy now! http://spam.com #promo
u120,1,26,5155,41866,False,2023-01-01 02:00:28.218004021+00:00,buy now! http://spam.com #promo
u120,1,26,5155,41866,False,2023-01-01 02:00:35.864380050+00:00,buy now! http://spam.com #promo
u120,1,26,5155,41866,False,2023-01-01 02:00:40.278498983+00:00,buy now! http://spam.com #promo
u120,1,26,5155,41866,False,2023-01-01 02:00:49.502412210+00:00,buy now! http://spam.com #promo
u120,1,26,5155,41866,False,2023-01-01 02:00:51.863330175+00:00,buy now! http://spam.com #promo
u120,1,26,5155,41866,False,2023-01-01 02:01:01.350322991+00:00,buy now! http://spam.com #promo
u120,1,26,5155,41866,False,2023-01-01 02:01:10.050128941+00:00,buy now! http://spam.com #promo
u121,1,7,7558,27050,False,2023-01-01 02:00:02.478594698+00:00,buy now! http://spam.com #promo
u121,1,7,7558,27050,False,2023-01-01 02:00:11.156256012+00:00,buy now! http://spam.com #promo
u121,1,7,7558,27050,False,2023-01-01 02:00:14.402317379+00:00,buy now! http://spam.com #promo
u121,1,7,7558,27050,False,2023-01-01 02:00:20.681502602+00:00,buy now! http://spam.com #promo
u121,1,7,7558,27050,False,2023-01-01 02:00:30.007461465+00:00,buy now! http://spam.com #promo
u121,1,7,7558,27050,False,2023-01-01 02:00:36.547046373+00:00,buy now! http://spam.com #promo
u121,1,7,7558,27050,False,2023-01-01 02:00:41.724912784+00:00,buy now! http://spam.com #promo
u121,1,7,7558,27050,False,2023-01-01 02:00:47.285041222+00:00,buy now! http://spam.com #promo
u121,1,7,7558,27050,False,2023-01-01 02:00:49.789978587+00:00,buy now! http://spam.com #promo
u121,1,7,7558,27050,False,2023-01-01 02:00:59.539997157+00:00,buy now! http://spam.com #promo
u122,1,57,4553,67476,False,2023-01-01 02:00:04.288378414+00:00,buy now! http://spam.com #promo
u122,1,57,4553,67476,False,2023-01-01 02:00:14.003363973+00:00,buy now! http://spam.com #promo
u122,1,57,4553,67476,False,2023-01-01 02:00:16.757652400+00:00,buy now! http://spam.com #promo
u122,1,57,4553,67476,False,2023-01-01 02:00:25.696076724+00:00,buy now! http://spam.com #promo
u122,1,57,4553,67476,False,2023-01-01 02:00:33.358827879+00:00,buy now! http://spam.com #promo
u122,1,57,4553,67476,False,2023-01-01 02:00:41.998981312+00:00,buy now! http://spam.com #promo
u122,1,57,4553,67476,False,2023-01-01 02:00:51.806161634+00:00,buy now! http://spam.com #promo
u122,1,57,4553,67476,False,2023-01-01 02:01:00.543398878+00:00,buy now! http://spam.com #promo
u122,1,57,4553,67476,False,2023-01-01 02:01:10.090457688+00:00,buy now! http://spam.com #promo
u122,1,57,4553,67476,False,2023-01-01 02:01:13.105939742+00:00,buy now! http://spam.com #promo
u123,1,37,7614,67747,False,2023-01-01 02:00:06.365405552+00:00,buy now! http://spam.com #promo
u123,1,37,7614,67747,False,2023-01-01 02:00:12.713370312+00:00,buy now! http://spam.com #promo
u123,1,37,7614,67747,False,2023-01-01 02:00:21.904742922+00:00,buy now! http://spam.com #promo
u123,1,37,7614,67747,False,2023-01-01 02:00:31.679173471+00:00,buy now! http://spam.com #promo
u123,1,37,7614,67747,False,2023-01-01 02:00:39.317880055+00:00,buy now! http://spam.com #promo
u123,1,37,7614,67747,False,2023-01-01 02:00:45.181387170+00:00,buy now! http://spam.com #promo
u123,1,37,7614,67747,False,2023-01-01 02:00:50.832618033+00:00,buy now! http://spam.com #promo
u123,1,37,7614,67747,False,2023-01-01 02:00:55.923349690+00:00,buy now! http://spam.com #promo
u123,1,37,7614,67747,False,2023-01-01 02:01:00.816141926+00:00,buy now! http://spam.com #promo
u123,1,37,7614,67747,False,2023-01-01 02:01:05.948196659+00:00,buy now! http://spam.com #promo
u124,1,22,3448,63431,False,2023-01-01 02:00:08.238958750+00:00,buy now! http://spam.com #promo
u124,1,22,3448,63431,False,2023-01-01 02:00:13.807541893+00:00,buy now! http://spam.com #promo
u124,1,22,3448,63431,False,2023-01-01 02:00:23.253017801+00:00,buy now! http://spam.com #promo
u124,1,22,3448,63431,False,2023-01-01 02:00:30.150785869+00:00,buy now! http://spam.com #promo
u124,1,22,3448,63431,False,2023-01-01 02:00:32.432193726+00:00,buy now! http://spam.com #promo
u124,1,22,3448,63431,False,2023-01-01 02:00:35.692380456+00:00,buy now! http://spam.com #promo
u124,1,22,3448,63431,False,2023-01-01 02:00:39.338938800+00:00,buy now! http://spam.com #promo
u124,1,22,3448,63431,False,2023-01-01 02:00:49.144826995+00:00,buy now! http://spam.com #promo
u124,1,22,3448,63431,False,2023-01-01 02:00:52.894460804+00:00,buy now! http://spam.com #promo
u124,1,22,3448,63431,False,2023-01-01 02:00:59.020506214+00:00,buy now! http://spam.com #promo
u125,1,15,6321,76170,False,2023-01-01 02:00:09.817541839+00:00,buy now! http://spam.com #promo
u125,1,15,6321,76170,False,2023-01-01 02:00:13.708425322+00:00,buy now! http://spam.com #promo
u125,1,15,6321,76170,False,2023-01-01 02:00:16.101366472+00:00,buy now! http://spam.com #promo
u125,1,15,6321,76170,False,2023-01-01 02:00:19.330181132+00:00,buy now! http://spam.com #promo
u125,1,15,6321,76170,False,2023-01-01 02:00:21.836808961+00:00,buy now! http://spam.com #promo
u125,1,15,6321,76170,False,2023-01-01 02:00:25.397802889+00:00,buy now! http://spam.com #promo
u125,1,15,6321,76170,False,2023-01-01 02:00:31.946360606+00:00,buy now! http://spam.com #promo
u125,1,15,6321,76170,False,2023-01-01 02:00:41.245950976+00:00,buy now! http://spam.com #promo
u125,1,15,6321,76170,False,2023-01-01 02:00:47.543702045+00:00,buy now! http://spam.com #promo
u125,1,15,6321,76170,False,2023-01-01 02:00:54.551618498+00:00,buy now! http://spam.com #promo
u126,1,159,4009,50447,False,2023-01-01 02:00:06.942311268+00:00,buy now! http://spam.com #promo
u126,1,159,4009,50447,False,2023-01-01 02:00:15.855405901+00:00,buy now! http://spam.com #promo
u126,1,159,4009,50447,False,2023-01-01 02:00:25.446150757+00:00,buy now! http://spam.com #promo
u126,1,159,4009,50447,False,2023-01-01 02:00:30.229356963+00:00,buy now! http://spam.com #promo
u126,1,159,4009,50447,False,2023-01-01 02:00:32.953989431+00:00,buy now! http://spam.com #promo
u126,1,159,4009,50447,False,2023-01-01 02:00:36.761421094+00:00,buy now! http://spam.com #promo
u126,1,159,4009,50447,False,2023-01-01 02:00:42.264153619+00:00,buy now! http://spam.com #promo
u126,1,159,4009,50447,False,2023-01-01 02:00:51.829702833+00:00,buy now! http://spam.com #promo
u126,1,159,4009,50447,False,2023-01-01 02:00:56.856181411+00:00,buy now! http://spam.com #promo
u126,1,159,4009,50447,False,2023-01-01 02:01:05.022367120+00:00,buy now! http://spam.com #promo
u127,1,160,3618,52428,False,2023-01-01 02:00:03.462470163+00:00,buy now! http://spam.com #promo
u127,1,160,3618,52428,False,2023-01-01 02:00:08.028343114+00:00,buy now! http://spam.com #promo
u127,1,160,3618,52428,False,2023-01-01 02:00:15.253878194+00:00,buy now! http://spam.com #promo
u127,1,160,3618,52428,False,2023-01-01 02:00:22.636705351+00:00,buy now! http://spam.com #promo
u127,1,160,3618,52428,False,2023-01-01 02:00:28.114783325+00:00,buy now! http://spam.com #promo
u127,1,160,3618,52428,False,2023-01-01 02:00:31.943948146+00:00,buy now! http://spam.com #promo
u127,1,160,3618,52428,False,2023-01-01 02:00:39.719202382+00:00,buy now! http://spam.com #promo
u127,1,160,3618,52428,False,2023-01-01 02:00:43.070186714+00:00,buy now! http://spam.com #promo
u127,1,160,3618,52428,False,2023-01-01 02:00:52.563544248+00:00,buy now! http://spam.com #promo
u127,1,160,3618,52428,False,2023-01-01 02:00:56.066772880+00:00,buy now! http://spam.com #promo
u128,1,164,3536,55330,False,2023-01-01 02:00:06.156396784+00:00,buy now! http://spam.com #promo
u128,1,164,3536,55330,False,2023-01-01 02:00:12.221940102+00:00,buy now! http://spam.com #promo
u128,1,164,3536,55330,False,2023-01-01 02:00:17.715280016+00:00,buy now! http://spam.com #promo
u128,1,164,3536,55330,False,2023-01-01 02:00:27.673799158+00:00,buy now! http://spam.com #promo
u128,1,164,3536,55330,False,2023-01-01 02:00:33.564044059+00:00,buy now! http://spam.com #promo
u128,1,164,3536,55330,False,2023-01-01 02:00:39.387616704+00:00,buy now! http://spam.com #promo
u128,1,164,3536,55330,False,2023-01-01 02:00:44.761745205+00:00,buy now! http://spam.com #promo
u128,1,164,3536,55330,False,2023-01-01 02:00:47.296351242+00:00,buy now! http://spam.com #promo
u128,1,164,3536,55330,False,2023-01-01 02:00:54.040004291+00:00,buy now! http://spam.com #promo
u128,1,164,3536,55330,False,2023-01-01 02:00:57.863746468+00:00,buy now! http://spam.com #promo
u129,1,99,6598,58256,False,2023-01-01 02:00:02.406667695+00:00,buy now! http://spam.com #promo
u129,1,99,6598,58256,False,2023-01-01 02:00:12.257764505+00:00,buy now! http://spam.com #promo
u129,1,99,6598,58256,False,2023-01-01 02:00:18.009805137+00:00,buy now! http://spam.com #promo
u129,1,99,6598,58256,False,2023-01-01 02:00:27.183848109+00:00,buy now! http://spam.com #promo
u129,1,99,6598,58256,False,2023-01-01 02:00:32.988337494+00:00,buy now! http://spam.com #promo
u129,1,99,6598,58256,False,2023-01-01 02:00:35.470984042+00:00,buy now! http://spam.com #promo
u129,1,99,6598,58256,False,2023-01-01 02:00:44.048692410+00:00,buy now! http://spam.com #promo
u129,1,99,6598,58256,False,2023-01-01 02:00:51.234162247+00:00,buy now! http://spam.com #promo
u129,1,99,6598,58256,False,2023-01-01 02:00:59.488218627+00:00,buy now! http://spam.com #promo
u129,1,99,6598,58256,False,2023-01-01 02:01:04.913577535+00:00,buy now! http://spam.com #promo
u130,1,91,6189,31585,False,2023-01-01 02:00:07.048523542+00:00,buy now! http://spam.com #promo
u130,1,91,6189,31585,False,2023-01-01 02:00:11.829912620+00:00,buy now! http://spam.com #promo
u130,1,91,6189,31585,False,2023-01-01 02:00:19.130149374+00:00,buy now! http://spam.com #promo
u130,1,91,6189,31585,False,2023-01-01 02:00:26.504982882+00:00,buy now! http://spam.com #promo
u130,1,91,6189,31585,False,2023-01-01 02:00:36.189678582+00:00,buy now! http://spam.com #promo
u130,1,91,6189,31585,False,2023-01-01 02:00:41.156977154+00:00,buy now! http://spam.com #promo
u130,1,91,6189,31585,False,2023-01-01 02:00:46.557631294+00:00,buy now! http://spam.com #promo
u130,1,91,6189,31585,False,2023-01-01 02:00:55.054614983+00:00,buy now! http://spam.com #promo
u130,1,91,6189,31585,False,2023-01-01 02:01:01.100713500+00:00,buy now! http://spam.com #promo
u130,1,91,6189,31585,False,2023-01-01 02:01:08.993298244+00:00,buy now! http://spam.com #promo
u131,1,171,5449,47582,False,2023-01-01 02:00:03.723961134+00:00,buy now! http://spam.com #promo
u131,1,171,5449,47582,False,2023-01-01 02:00:11.685591876+00:00,buy now! http://spam.com #promo
u131,1,171,5449,47582,False,2023-01-01 02:00:14.734833229+00:00,buy now! http://spam.com #promo
u131,1,171,5449,47582,False,2023-01-01 02:00:18.323502537+00:00,buy now! http://spam.com #promo
u131,1,171,5449,47582,False,2023-01-01 02:00:25.338102399+00:00,buy now! http://spam.com #promo
u131,1,171,5449,47582,False,2023-01-01 02:00:33.316260800+00:00,buy now! http://spam.com #promo
u131,1,171,5449,47582,False,2023-01-01 02:00:42.473763894+00:00,buy now! http://spam.com #promo
u131,1,171,5449,47582,False,2023-01-01 02:00:46.654455873+00:00,buy now! http://spam.com #promo
u131,1,171,5449,47582,False,2023-01-01 02:00:49.540249941+00:00,buy now! http://spam.com #promo
u131,1,171,5449,47582,False,2023-01-01 02:00:59.188623217+00:00,buy now! http://spam.com #promo
u132,1,160,3772,36961,False,2023-01-01 02:00:04.330635628+00:00,buy now! http://spam.com #promo
u132,1,160,3772,36961,False,2023-01-01 02:00:10.565766460+00:00,buy now! http://spam.com #promo
u132,1,160,3772,36961,False,2023-01-01 02:00:19.628370988+00:00,buy now! http://spam.com #promo
u132,1,160,3772,36961,False,2023-01-01 02:00:27.712739169+00:00,buy now! http://spam.com #promo
u132,1,160,3772,36961,False,2023-01-01 02:00:35.377999599+00:00,buy now! http://spam.com #promo
u132,1,160,3772,36961,False,2023-01-01 02:00:38.779444141+00:00,buy now! http://spam.com #promo
u132,1,160,3772,36961,False,2023-01-01 02:00:43.640905193+00:00,buy now! http://spam.com #promo
u132,1,160,3772,36961,False,2023-01-01 02:00:49.468144601+00:00,buy now! http://spam.com #promo
u132,1,160,3772,36961,False,2023-01-01 02:00:52.647552228+00:00,buy now! http://spam.com #promo
u132,1,160,3772,36961,False,2023-01-01 02:00:56.834989845+00:00,buy now! http://spam.com #promo
u133,1,39,4241,38499,False,2023-01-01 02:00:03.018209586+00:00,buy now! http://spam.com #promo
u133,1,39,4241,38499,False,2023-01-01 02:00:09.420127121+00:00,buy now! http://spam.com #promo
u133,1,39,4241,38499,False,2023-01-01 02:00:17.060352693+00:00,buy now! http://spam.com #promo
u133,1,39,4241,38499,False,2023-01-01 02:00:19.619805744+00:00,buy now! http://spam.com #promo
u133,1,39,4241,38499,False,2023-01-01 02:00:25.468790558+00:00,buy now! http://spam.com #promo
u133,1,39,4241,38499,False,2023-01-01 02:00:33.726480120+00:00,buy now! http://spam.com #promo
u133,1,39,4241,38499,False,2023-01-01 02:00:41.710401151+00:00,buy now! http://spam.com #promo
u133,1,39,4241,38499,False,2023-01-01 02:00:50.230985920+00:00,buy now! http://spam.com #promo
u133,1,39,4241,38499,False,2023-01-01 02:00:55.816910985+00:00,buy now! http://spam.com #promo
u133,1,39,4241,38499,False,2023-01-01 02:01:04.381367646+00:00,buy now! http://spam.com #promo
u134,1,55,4203,40377,False,2023-01-01 02:00:03.410844611+00:00,buy now! http://spam.com #promo
u134,1,55,4203,40377,False,2023-01-01 02:00:09.150720926+00:00,buy now! http://spam.com #promo
u134,1,55,4203,40377,False,2023-01-01 02:00:14.287201105+00:00,buy now! http://spam.com #promo
u134,1,55,4203,40377,False,2023-01-01 02:00:18.214618036+00:00,buy now! http://spam.com #promo
u134,1,55,4203,40377,False,2023-01-01 02:00:26.228863709+00:00,buy now! http://spam.com #promo
u134,1,55,4203,40377,False,2023-01-01 02:00:30.739637885+00:00,buy now! http://spam.com #promo
u134,1,55,4203,40377,False,2023-01-01 02:00:34.922072526+00:00,buy now! http://spam.com #promo
u134,1,55,4203,40377,False,2023-01-01 02:00:37.969195172+00:00,buy now! http://spam.com #promo
u134,1,55,4203,40377,False,2023-01-01 02:00:43.479768786+00:00,buy now! http://spam.com #promo
u134,1,55,4203,40377,False,2023-01-01 02:00:47.903485816+00:00,buy now! http://spam.com #promo
u135,1,72,7302,42156,False,2023-01-01 02:00:03.887978100+00:00,buy now! http://spam.com #promo
u135,1,72,7302,42156,False,2023-01-01 02:00:11.993222018+00:00,buy now! http://spam.com #promo
u135,1,72,7302,42156,False,2023-01-01 02:00:21.433248796+00:00,buy now! http://spam.com #promo
u135,1,72,7302,42156,False,2023-01-01 02:00:27.416703618+00:00,buy now! http://spam.com #promo
u135,1,72,7302,42156,False,2023-01-01 02:00:34.560691004+00:00,buy now! http://spam.com #promo
u135,1,72,7302,42156,False,2023-01-01 02:00:43.498069216+00:00,buy now! http://spam.com #promo
u135,1,72,7302,42156,False,2023-01-01 02:00:53.488706314+00:00,buy now! http://spam.com #promo
u135,1,72,7302,42156,False,2023-01-01 02:01:00.396838191+00:00,buy now! http://spam.com #promo
u135,1,72,7302,42156,False,2023-01-01 02:01:09.515073923+00:00,buy now! http://spam.com #promo
u135,1,72,7302,42156,False,2023-01-01 02:01:18.783939895+00:00,buy now! http://spam.com #promo
u136,1,100,6957,41527,False,2023-01-01 02:00:02.649232003+00:00,buy now! http://spam.com #promo
u136,1,100,6957,41527,False,2023-01-01 02:00:04.775676446+00:00,buy now! http://spam.com #promo
u136,1,100,6957,41527,False,2023-01-01 02:00:10.593281512+00:00,buy now! http://spam.com #promo
u136,1,100,6957,41527,False,2023-01-01 02:00:16.547797780+00:00,buy now! http://spam.com #promo
u136,1,100,6957,41527,False,2023-01-01 02:00:21.806696882+00:00,buy now! http://spam.com #promo
u136,1,100,6957,41527,False,2023-01-01 02:00:28.352035692+00:00,buy now! http://spam.com #promo
u136,1,100,6957,41527,False,2023-01-01 02:00:34.769337318+00:00,buy now! http://spam.com #promo
u136,1,100,6957,41527,False,2023-01-01 02:00:43.462241646+00:00,buy now! http://spam.com #promo
u136,1,100,6957,41527,False,2023-01-01 02:00:46.331498472+00:00,buy now! http://spam.com #promo
u136,1,100,6957,41527,False,2023-01-01 02:00:50.132919800+00:00,buy now! http://spam.com #promo
u137,1,92,3983,67580,False,2023-01-01 02:00:08.782694937+00:00,buy now! http://spam.com #promo
u137,1,92,3983,67580,False,2023-01-01 02:00:18.741288645+00:00,buy now! http://spam.com #promo
u137,1,92,3983,67580,False,2023-01-01 02:00:27.724584776+00:00,buy now! http://spam.com #promo
u137,1,92,3983,67580,False,2023-01-01 02:00:36.843776832+00:00,buy now! http://spam.com #promo
u137,1,92,3983,67580,False,2023-01-01 02:00:41.358560373+00:00,buy now! http://spam.com #promo
u137,1,92,3983,67580,False,2023-01-01 02:00:46.571853445+00:00,buy now! http://spam.com #promo
u137,1,92,3983,67580,False,2023-01-01 02:00:50.716534283+00:00,buy now! http://spam.com #promo
u137,1,92,3983,67580,False,2023-01-01 02:00:57.566929468+00:00,buy now! http://spam.com #promo
u137,1,92,3983,67580,False,2023-01-01 02:01:07.077372301+00:00,buy now! http://spam.com #promo
u137,1,92,3983,67580,False,2023-01-01 02:01:11.834499393+00:00,buy now! http://spam.com #promo
u138,1,198,5785,56876,False,2023-01-01 02:00:03.358399790+00:00,buy now! http://spam.com #promo
u138,1,198,5785,56876,False,2023-01-01 02:00:06.919884028+00:00,buy now! http://spam.com #promo
u138,1,198,5785,56876,False,2023-01-01 02:00:09.383446784+00:00,buy now! http://spam.com #promo
u138,1,198,5785,56876,False,2023-01-01 02:00:18.977794968+00:00,buy now! http://spam.com #promo
u138,1,198,5785,56876,False,2023-01-01 02:00:24.200831836+00:00,buy now! http://spam.com #promo
u138,1,198,5785,56876,False,2023-01-01 02:00:32.873798972+00:00,buy now! http://spam.com #promo
u138,1,198,5785,56876,False,2023-01-01 02:00:40.324434753+00:00,buy now! http://spam.com #promo
u138,1,198,5785,56876,False,2023-01-01 02:00:43.859804044+00:00,buy now! http://spam.com #promo
u138,1,198,5785,56876,False,2023-01-01 02:00:47.263502016+00:00,buy now! http://spam.com #promo
u138,1,198,5785,56876,False,2023-01-01 02:00:55.759407628+00:00,buy now! http://spam.com #promo
u139,1,59,7895,35882,False,2023-01-01 02:00:09.306281469+00:00,buy now! http://spam.com #promo
u139,1,59,7895,35882,False,2023-01-01 02:00:12.426724706+00:00,buy now! http://spam.com #promo
u139,1,59,7895,35882,False,2023-01-01 02:00:19.848393621+00:00,buy now! http://spam.com #promo
u139,1,59,7895,35882,False,2023-01-01 02:00:28.364184629+00:00,buy now! http://spam.com #promo
u139,1,59,7895,35882,False,2023-01-01 02:00:32.246235736+00:00,buy now! http://spam.com #promo
u139,1,59,7895,35882,False,2023-01-01 02:00:36.455894643+00:00,buy now! http://spam.com #promo
u139,1,59,7895,35882,False,2023-01-01 02:00:46.172045732+00:00,buy now! http://spam.com #promo
u139,1,59,7895,35882,False,2023-01-01 02:00:50.288826574+00:00,buy now! http://spam.com #promo
u139,1,59,7895,35882,False,2023-01-01 02:00:55.728482973+00:00,buy now! http://spam.com #promo
u139,1,59,7895,35882,False,2023-01-01 02:01:01.188607718+00:00,buy now! http://spam.com #promo
u140,1,139,4265,66536,False,2023-01-01 02:00:08.174794745+00:00,buy now! http://spam.com #promo
u140,1,139,4265,66536,False,2023-01-01 02:00:13.201338858+00:00,buy now! http://spam.com #promo
u140,1,139,4265,66536,False,2023-01-01 02:00:21.882345186+00:00,buy now! http://spam.com #promo
u140,1,139,4265,66536,False,2023-01-01 02:00:25.586944661+00:00,buy now! http://spam.com #promo
u140,1,139,4265,66536,False,2023-01-01 02:00:27.621390866+00:00,buy now! http://spam.com #promo
u140,1,139,4265,66536,False,2023-01-01 02:00:34.190729762+00:00,buy now! http://spam.com #promo
u140,1,139,4265,66536,False,2023-01-01 02:00:44.143351941+00:00,buy now! http://spam.com #promo
u140,1,139,4265,66536,False,2023-01-01 02:00:46.452506419+00:00,buy now! http://spam.com #promo
u140,1,139,4265,66536,False,2023-01-01 02:00:50.116491008+00:00,buy now! http://spam.com #promo
u140,1,139,4265,66536,False,2023-01-01 02:00:56.267808147+00:00,buy now! http://spam.com #promo
u141,1,155,6644,68596,False,2023-01-01 02:00:02.712336040+00:00,buy now! http://spam.com #promo
u141,1,155,6644,68596,False,2023-01-01 02:00:07.874213270+00:00,buy now! http://spam.com #promo
u141,1,155,6644,68596,False,2023-01-01 02:00:15.850819675+00:00,buy now! http://spam.com #promo
u141,1,155,6644,68596,False,2023-01-01 02:00:20.823165342+00:00,buy now! http://spam.com #promo
u141,1,155,6644,68596,False,2023-01-01 02:00:24.333856705+00:00,buy now! http://spam.com #promo
u141,1,155,6644,68596,False,2023-01-01 02:00:27.897823324+00:00,buy now! http://spam.com #promo
u141,1,155,6644,68596,False,2023-01-01 02:00:33.178213619+00:00,buy now! http://spam.com #promo
u141,1,155,6644,68596,False,2023-01-01 02:00:39.013550217+00:00,buy now! http://spam.com #promo
u141,1,155,6644,68596,False,2023-01-01 02:00:47.908065559+00:00,buy now! http://spam.com #promo
u141,1,155,6644,68596,False,2023-01-01 02:00:55.046084907+00:00,buy now! http://spam.com #promo
u142,1,147,6452,28055,False,2023-01-01 02:00:05.294747522+00:00,buy now! http://spam.com #promo
u142,1,147,6452,28055,False,2023-01-01 02:00:10.521582747+00:00,buy now! http://spam.com #promo
u142,1,147,6452,28055,False,2023-01-01 02:00:19.908358488+00:00,buy now! http://spam.com #promo
u142,1,147,6452,28055,False,2023-01-01 02:00:23.875363184+00:00,buy now! http://spam.com #promo
u142,1,147,6452,28055,False,2023-01-01 02:00:31.713885154+00:00,buy now! http://spam.com #promo
u142,1,147,6452,28055,False,2023-01-01 02:00:39.750470259+00:00,buy now! http://spam.com #promo
u142,1,147,6452,28055,False,2023-01-01 02:00:42.532774238+00:00,buy now! http://spam.com #promo
u142,1,147,6452,28055,False,2023-01-01 02:00:48.278625483+00:00,buy now! http://spam.com #promo
u142,1,147,6452,28055,False,2023-01-01 02:00:51.883125253+00:00,buy now! http://spam.com #promo
u142,1,147,6452,28055,False,2023-01-01 02:00:55.366127435+00:00,buy now! http://spam.com #promo
u143,1,196,5017,47829,False,2023-01-01 02:00:04.315437660+00:00,buy now! http://spam.com #promo
u143,1,196,5017,47829,False,2023-01-01 02:00:12.683921241+00:00,buy now! http://spam.com #promo
u143,1,196,5017,47829,False,2023-01-01 02:00:21.944760372+00:00,buy now! http://spam.com #promo
u143,1,196,5017,47829,False,2023-01-01 02:00:30.366525214+00:00,buy now! http://spam.com #promo
u143,1,196,5017,47829,False,2023-01-01 02:00:34.494772194+00:00,buy now! http://spam.com #promo
u143,1,196,5017,47829,False,2023-01-01 02:00:38.687847343+00:00,buy now! http://spam.com #promo
u143,1,196,5017,47829,False,2023-01-01 02:00:42.725674143+00:00,buy now! http://spam.com #promo
u143,1,196,5017,47829,False,2023-01-01 02:00:45.805978911+00:00,buy now! http://spam.com #promo
u143,1,196,5017,47829,False,2023-01-01 02:00:55.356365855+00:00,buy now! http://spam.com #promo
u143,1,196,5017,47829,False,2023-01-01 02:01:00.572748240+00:00,buy now! http://spam.com #promo
u144,1,185,4123,44172,False,2023-01-01 02:00:05.193562421+00:00,buy now! http://spam.com #promo
u144,1,185,4123,44172,False,2023-01-01 02:00:07.474496909+00:00,buy now! http://spam.com #promo
u144,1,185,4123,44172,False,2023-01-01 02:00:10.770029470+00:00,buy now! http://spam.com #promo
u144,1,185,4123,44172,False,2023-01-01 02:00:17.884032192+00:00,buy now! http://spam.com #promo
u144,1,185,4123,44172,False,2023-01-01 02:00:26.147274385+00:00,buy now! http://spam.com #promo
u144,1,185,4123,44172,False,2023-01-01 02:00:29.834749492+00:00,buy now! http://spam.com #promo
u144,1,185,4123,44172,False,2023-01-01 02:00:39.173914206+00:00,buy now! http://spam.com #promo
u144,1,185,4123,44172,False,2023-01-01 02:00:47.981891166+00:00,buy now! http://spam.com #promo
u144,1,185,4123,44172,False,2023-01-01 02:00:56.768937198+00:00,buy now! http://spam.com #promo
u144,1,185,4123,44172,False,2023-01-01 02:01:00.590226372+00:00,buy now! http://spam.com #promo
u145,1,169,5615,23032,False,2023-01-01 02:00:08.939388315+00:00,buy now! http://spam.com #promo
u145,1,169,5615,23032,False,2023-01-01 02:00:13.385790144+00:00,buy now! http://spam.com #promo
u145,1,169,5615,23032,False,2023-01-01 02:00:20.337121193+00:00,buy now! http://spam.com #promo
u145,1,169,5615,23032,False,2023-01-01 02:00:28.416856262+00:00,buy now! http://spam.com #promo
u145,1,169,5615,23032,False,2023-01-01 02:00:31.443202330+00:00,buy now! http://spam.com #promo
u145,1,169,5615,23032,False,2023-01-01 02:00:39.689909166+00:00,buy now! http://spam.com #promo
u145,1,169,5615,23032,False,2023-01-01 02:00:49.198000837+00:00,buy now! http://spam.com #promo
u145,1,169,5615,23032,False,2023-01-01 02:00:57.025000562+00:00,buy now! http://spam.com #promo
u145,1,169,5615,23032,False,2023-01-01 02:01:02.554782549+00:00,buy now! http://spam.com #promo
u145,1,169,5615,23032,False,2023-01-01 02:01:11.568207659+00:00,buy now! http://spam.com #promo
u146,1,37,5637,79072,False,2023-01-01 02:00:08.564047550+00:00,buy now! http://spam.com #promo
u146,1,37,5637,79072,False,2023-01-01 02:00:16.558870443+00:00,buy now! http://spam.com #promo
u146,1,37,5637,79072,False,2023-01-01 02:00:20.861709451+00:00,buy now! http://spam.com #promo
u146,1,37,5637,79072,False,2023-01-01 02:00:23.804460658+00:00,buy now! http://spam.com #promo
u146,1,37,5637,79072,False,2023-01-01 02:00:27.711168892+00:00,buy now! http://spam.com #promo
u146,1,37,5637,79072,False,2023-01-01 02:00:33.734168387+00:00,buy now! http://spam.com #promo
u146,1,37,5637,79072,False,2023-01-01 02:00:39.776383765+00:00,buy now! http://spam.com #promo
u146,1,37,5637,79072,False,2023-01-01 02:00:46.437538559+00:00,buy now! http://spam.com #promo
u146,1,37,5637,79072,False,2023-01-01 02:00:51.598353259+00:00,buy now! http://spam.com #promo
u146,1,37,5637,79072,False,2023-01-01 02:00:59.893484310+00:00,buy now! http://spam.com #promo
u147,1,148,7805,74789,False,2023-01-01 02:00:03.973800427+00:00,buy now! http://spam.com #promo
u147,1,148,7805,74789,False,2023-01-01 02:00:11.865986168+00:00,buy now! http://spam.com #promo
u147,1,148,7805,74789,False,2023-01-01 02:00:19.289760988+00:00,buy now! http://spam.com #promo
u147,1,148,7805,74789,False,2023-01-01 02:00:25.474484982+00:00,buy now! http://spam.com #promo
u147,1,148,7805,74789,False,2023-01-01 02:00:28.982726852+00:00,buy now! http://spam.com #promo
u147,1,148,7805,74789,False,2023-01-01 02:00:37.344584920+00:00,buy now! http://spam.com #promo
u147,1,148,7805,74789,False,2023-01-01 02:00:47.029595205+00:00,buy now! http://spam.com #promo
u147,1,148,7805,74789,False,2023-01-01 02:00:54.804285862+00:00,buy now! http://spam.com #promo
u147,1,148,7805,74789,False,2023-01-01 02:01:04.147165835+00:00,buy now! http://spam.com #promo
u147,1,148,7805,74789,False,2023-01-01 02:01:14.020647954+00:00,buy now! http://spam.com #promo
u148,1,78,4760,41332,False,2023-01-01 02:00:05.791461901+00:00,buy now! http://spam.com #promo
u148,1,78,4760,41332,False,2023-01-01 02:00:15.684491875+00:00,buy now! http://spam.com #promo
u148,1,78,4760,41332,False,2023-01-01 02:00:18.434954467+00:00,buy now! http://spam.com #promo
u148,1,78,4760,41332,False,2023-01-01 02:00:23.733953781+00:00,buy now! http://spam.com #promo
u148,1,78,4760,41332,False,2023-01-01 02:00:32.738266137+00:00,buy now! http://spam.com #promo
u148,1,78,4760,41332,False,2023-01-01 02:00:37.010676621+00:00,buy now! http://spam.com #promo
u148,1,78,4760,41332,False,2023-01-01 02:00:45.313019426+00:00,buy now! http://spam.com #promo
u148,1,78,4760,41332,False,2023-01-01 02:00:50.375284728+00:00,buy now! http://spam.com #promo
u148,1,78,4760,41332,False,2023-01-01 02:01:00.215113047+00:00,buy now! http://spam.com #promo
u148,1,78,4760,41332,False,2023-01-01 02:01:09.283351738+00:00,buy now! http://spam.com #promo
u149,1,127,6899,38079,False,2023-01-01 02:00:08.161544908+00:00,buy now! http://spam.com #promo
u149,1,127,6899,38079,False,2023-01-01 02:00:12.856397258+00:00,buy now! http://spam.com #promo
u149,1,127,6899,38079,False,2023-01-01 02:00:19.707299979+00:00,buy now! http://spam.com #promo
u149,1,127,6899,38079,False,2023-01-01 02:00:26.975146126+00:00,buy now! http://spam.com #promo
u149,1,127,6899,38079,False,2023-01-01 02:00:35.611909398+00:00,buy now! http://spam.com #promo
u149,1,127,6899,38079,False,2023-01-01 02:00:37.807516125+00:00,buy now! http://spam.com #promo
u149,1,127,6899,38079,False,2023-01-01 02:00:41.568779254+00:00,buy now! http://spam.com #promo
u149,1,127,6899,38079,False,2023-01-01 02:00:49.264121738+00:00,buy now! http://spam.com #promo
u149,1,127,6899,38079,False,2023-01-01 02:00:55.772307633+00:00,buy now! http://spam.com #promo
u149,1,127,6899,38079,False,2023-01-01 02:01:01.737148258+00:00,buy now! http://spam.com #promo
u150,0,129,389,5651,False,2023-01-01 09:13:23.892724437+00:00,Good morning everyone!
u150,0,129,389,5651,False,2023-01-01 10:07:00.371877844+00:00,Good morning everyone!
u150,0,129,389,5651,False,2023-01-01 12:00:58.350576471+00:00,Good morning everyone!
u150,0,129,389,5651,False,2023-01-01 12:16:34.163424468+00:00,Good morning everyone!
u150,0,129,389,5651,False,2023-01-01 13:49:02.221381362+00:00,Good morning everyone!
u150,0,129,389,5651,False,2023-01-01 14:27:22.464648163+00:00,Good morning everyone!
u150,0,129,389,5651,False,2023-01-01 16:12:42.082940377+00:00,Good morning everyone!
u150,0,129,389,5651,False,2023-01-01 17:44:46.131601508+00:00,Good morning everyone!
u150,0,129,389,5651,False,2023-01-01 19:32:11.785729173+00:00,Good morning everyone!
u150,0,129,389,5651,False,2023-01-01 20:05:56.889346019+00:00,Good morning everyone!
u151,0,213,311,20188,False,2023-01-01 09:37:01.618303766+00:00,Good morning everyone!
u151,0,213,311,20188,False,2023-01-01 10:12:24.543918529+00:00,Good morning everyone!
u151,0,213,311,20188,False,2023-01-01 10:25:23.945999613+00:00,Good morning everyone!
u151,0,213,311,20188,False,2023-01-01 12:20:50.146939850+00:00,Good morning everyone!
u151,0,213,311,20188,False,2023-01-01 13:48:56.258348210+00:00,Good morning everyone!
u151,0,213,311,20188,False,2023-01-01 15:08:50.956684677+00:00,Good morning everyone!
u151,0,213,311,20188,False,2023-01-01 16:40:41.321854463+00:00,Good morning everyone!
u151,0,213,311,20188,False,2023-01-01 17:49:09.967117852+00:00,Good morning everyone!
u151,0,213,311,20188,False,2023-01-01 18:51:32.450337048+00:00,Good morning everyone!
u151,0,213,311,20188,False,2023-01-01 19:50:59.363128463+00:00,Good morning everyone!
u152,0,1285,282,3450,False,2023-01-01 10:39:17.565650047+00:00,Good morning everyone!
u152,0,1285,282,3450,False,2023-01-01 11:27:44.685485630+00:00,Good morning everyone!
u152,0,1285,282,3450,False,2023-01-01 12:41:23.506844592+00:00,Good morning everyone!
u152,0,1285,282,3450,False,2023-01-01 13:06:54.287024262+00:00,Good morning everyone!
u152,0,1285,282,3450,False,2023-01-01 15:03:51.772260623+00:00,Good morning everyone!
u152,0,1285,282,3450,False,2023-01-01 16:53:10.863998982+00:00,Good morning everyone!
u152,0,1285,282,3450,False,2023-01-01 18:44:35.387541876+00:00,Good morning everyone!
u152,0,1285,282,3450,False,2023-01-01 19:31:07.663656718+00:00,Good morning everyone!
u152,0,1285,282,3450,False,2023-01-01 19:59:43.952725444+00:00,Good morning everyone!
u152,0,1285,282,3450,False,2023-01-01 20:33:01.649004321+00:00,Good morning everyone!
u153,0,166,201,1405,False,2023-01-01 09:17:50.609925619+00:00,Good morning everyone!
u153,0,166,201,1405,False,2023-01-01 11:16:43.442182371+00:00,Good morning everyone!
u153,0,166,201,1405,False,2023-01-01 11:34:52.222892606+00:00,Good morning everyone!
u153,0,166,201,1405,False,2023-01-01 11:59:27.000626885+00:00,Good morning everyone!
u153,0,166,201,1405,False,2023-01-01 13:40:26.880957783+00:00,Good morning everyone!
u153,0,166,201,1405,False,2023-01-01 14:54:16.466388286+00:00,Good morning everyone!
u153,0,166,201,1405,False,2023-01-01 16:29:27.619938443+00:00,Good morning everyone!
u153,0,166,201,1405,False,2023-01-01 17:48:51.639189742+00:00,Good morning everyone!
u153,0,166,201,1405,False,2023-01-01 19:35:53.994653913+00:00,Good morning everyone!
u153,0,166,201,1405,False,2023-01-01 20:56:07.880337160+00:00,Good morning everyone!
u154,0,735,754,8454,False,2023-01-01 09:48:04.021231171+00:00,Good morning everyone!
u154,0,735,754,8454,False,2023-01-01 10:49:30.527417342+00:00,Good morning everyone!
u154,0,735,754,8454,False,2023-01-01 11:18:10.640510992+00:00,Good morning everyone!
u154,0,735,754,8454,False,2023-01-01 12:55:48.013927689+00:00,Good morning everyone!
u154,0,735,754,8454,False,2023-01-01 13:34:28.658884506+00:00,Good morning everyone!
u154,0,735,754,8454,False,2023-01-01 14:01:21.967090330+00:00,Good morning everyone!
u154,0,735,754,8454,False,2023-01-01 14:38:27.891886099+00:00,Good morning everyone!
u154,0,735,754,8454,False,2023-01-01 16:21:05.554887795+00:00,Good morning everyone!
u154,0,735,754,8454,False,2023-01-01 17:07:24.883438740+00:00,Good morning everyone!
u154,0,735,754,8454,False,2023-01-01 18:32:52.812577478+00:00,Good morning everyone!
u155,0,1875,584,1487,False,2023-01-01 10:34:09.161074175+00:00,Good morning everyone!
u155,0,1875,584,1487,False,2023-01-01 11:17:59.753152276+00:00,Good morning everyone!
u155,0,1875,584,1487,False,2023-01-01 11:51:49.460755890+00:00,Good morning everyone!
u155,0,1875,584,1487,False,2023-01-01 13:17:36.210342079+00:00,Good morning everyone!
u155,0,1875,584,1487,False,2023-01-01 15:07:40.868052118+00:00,Good morning everyone!
u155,0,1875,584,1487,False,2023-01-01 15:50:07.994829619+00:00,Good morning everyone!
u155,0,1875,584,1487,False,2023-01-01 17:02:42.297945155+00:00,Good morning everyone!
u155,0,1875,584,1487,False,2023-01-01 17:44:35.203096561+00:00,Good morning everyone!
u155,0,1875,584,1487,False,2023-01-01 18:55:33.487962355+00:00,Good morning everyone!
u155,0,1875,584,1487,False,2023-01-01 20:13:57.777364673+00:00,Good morning everyone!
u156,0,770,166,1875,False,2023-01-01 10:26:17.367099272+00:00,Good morning everyone!
u156,0,770,166,1875,False,2023-01-01 11:50:30.719451381+00:00,Good morning everyone!
u156,0,770,166,1875,False,2023-01-01 13:15:35.801058012+00:00,Good morning everyone!
u156,0,770,166,1875,False,2023-01-01 13:33:44.666706087+00:00,Good morning everyone!
u156,0,770,166,1875,False,2023-01-01 14:32:53.803066020+00:00,Good morning everyone!
u156,0,770,166,1875,False,2023-01-01 15:27:53.434937521+00:00,Good morning everyone!
u156,0,770,166,1875,False,2023-01-01 15:47:25.730729566+00:00,Good morning everyone!
u156,0,770,166,1875,False,2023-01-01 16:21:53.359053684+00:00,Good morning everyone!
u156,0,770,166,1875,False,2023-01-01 17:20:23.712423551+00:00,Good morning everyone!
u156,0,770,166,1875,False,2023-01-01 18:52:06.894068614+00:00,Good morning everyone!
u157,0,637,517,15139,False,2023-01-01 10:10:02.268685880+00:00,Good morning everyone!
u157,0,637,517,15139,False,2023-01-01 11:43:41.051808098+00:00,Good morning everyone!
u157,0,637,517,15139,False,2023-01-01 12:45:39.921298121+00:00,Good morning everyone!
u157,0,637,517,15139,False,2023-01-01 13:50:34.603185907+00:00,Good morning everyone!
u157,0,637,517,15139,False,2023-01-01 15:08:44.751155812+00:00,Good morning everyone!
u157,0,637,517,15139,False,2023-01-01 17:00:49.357169706+00:00,Good morning everyone!
u157,0,637,517,15139,False,2023-01-01 18:04:55.320207031+00:00,Good morning everyone!
u157,0,637,517,15139,False,2023-01-01 19:13:04.459958545+00:00,Good morning everyone!
u157,0,637,517,15139,False,2023-01-01 20:29:17.639917826+00:00,Good morning everyone!
u157,0,637,517,15139,False,2023-01-01 22:00:25.239823990+00:00,Good morning everyone!
u158,0,24,357,2235,False,2023-01-01 10:51:23.120895967+00:00,Good morning everyone!
u158,0,24,357,2235,False,2023-01-01 11:55:40.264326846+00:00,Good morning everyone!
u158,0,24,357,2235,False,2023-01-01 12:57:11.179855828+00:00,Good morning everyone!
u158,0,24,357,2235,False,2023-01-01 14:53:01.699780157+00:00,Good morning everyone!
u158,0,24,357,2235,False,2023-01-01 15:52:35.504439922+00:00,Good morning everyone!
u158,0,24,357,2235,False,2023-01-01 16:22:29.341680047+00:00,Good morning everyone!
u158,0,24,357,2235,False,2023-01-01 16:56:20.988090565+00:00,Good morning everyone!
u158,0,24,357,2235,False,2023-01-01 17:16:49.225843589+00:00,Good morning everyone!
u158,0,24,357,2235,False,2023-01-01 17:26:52.975496698+00:00,Good morning everyone!
u158,0,24,357,2235,False,2023-01-01 18:24:23.816859301+00:00,Good morning everyone!
u159,0,3985,436,3208,False,2023-01-01 09:13:32.183979498+00:00,Good morning everyone!
u159,0,3985,436,3208,False,2023-01-01 10:26:14.071143218+00:00,Good morning everyone!
u159,0,3985,436,3208,False,2023-01-01 10:53:12.339770946+00:00,Good morning everyone!
u159,0,3985,436,3208,False,2023-01-01 12:46:43.443250393+00:00,Good morning everyone!
u159,0,3985,436,3208,False,2023-01-01 13:15:08.052248044+00:00,Good morning everyone!
u159,0,3985,436,3208,False,2023-01-01 14:34:03.871084847+00:00,Good morning everyone!
u159,0,3985,436,3208,False,2023-01-01 15:19:57.044275129+00:00,Good morning everyone!
u159,0,3985,436,3208,False,2023-01-01 16:40:31.349026493+00:00,Good morning everyone!
u159,0,3985,436,3208,False,2023-01-01 17:35:52.255763155+00:00,Good morning everyone!
u159,0,3985,436,3208,False,2023-01-01 19:09:25.899908377+00:00,Good morning everyone!
u160,0,368,237,3240,False,2023-01-01 10:33:10.214774904+00:00,Good morning everyone!
u160,0,368,237,3240,False,2023-01-01 12:16:38.434038152+00:00,Good morning everyone!
u160,0,368,237,3240,False,2023-01-01 14:16:30.702870453+00:00,Good morning everyone!
u160,0,368,237,3240,False,2023-01-01 14:51:08.744263373+00:00,Good morning everyone!
u160,0,368,237,3240,False,2023-01-01 15:32:42.234192891+00:00,Good morning everyone!
u160,0,368,237,3240,False,2023-01-01 16:10:15.092565321+00:00,Good morning everyone!
u160,0,368,237,3240,False,2023-01-01 16:49:10.043357575+00:00,Good morning everyone!
u160,0,368,237,3240,False,2023-01-01 18:03:14.178651734+00:00,Good morning everyone!
u160,0,368,237,3240,False,2023-01-01 20:02:31.427304496+00:00,Good morning everyone!
u160,0,368,237,3240,False,2023-01-01 22:01:27.262679308+00:00,Good morning everyone!
u161,0,1783,729,8258,False,2023-01-01 10:44:35.805588430+00:00,Good morning everyone!
u161,0,1783,729,8258,False,2023-01-01 12:37:13.166414223+00:00,Good morning everyone!
u161,0,1783,729,8258,False,2023-01-01 13:09:38.646554597+00:00,Good morning everyone!
u161,0,1783,729,8258,False,2023-01-01 14:17:47.021965617+00:00,Good morning everyone!
u161,0,1783,729,8258,False,2023-01-01 15:59:23.746526382+00:00,Good morning everyone!
u161,0,1783,729,8258,False,2023-01-01 16:42:44.880232170+00:00,Good morning everyone!
u161,0,1783,729,8258,False,2023-01-01 17:41:07.619912541+00:00,Good morning everyone!
u161,0,1783,729,8258,False,2023-01-01 19:39:32.719182520+00:00,Good morning everyone!
u161,0,1783,729,8258,False,2023-01-01 21:37:54.027380877+00:00,Good morning everyone!
u161,0,1783,729,8258,False,2023-01-01 23:27:34.332331927+00:00,Good morning everyone!
u162,0,2598,770,2502,False,2023-01-01 10:10:12.066751952+00:00,Good morning everyone!
u162,0,2598,770,2502,False,2023-01-01 11:21:53.197424061+00:00,Good morning everyone!
u162,0,2598,770,2502,False,2023-01-01 12:27:29.516031817+00:00,Good morning everyone!
u162,0,2598,770,2502,False,2023-01-01 13:47:31.539879264+00:00,Good morning everyone!
u162,0,2598,770,2502,False,2023-01-01 14:42:26.471828641+00:00,Good morning everyone!
u162,0,2598,770,2502,False,2023-01-01 16:14:51.021266923+00:00,Good morning everyone!
u162,0,2598,770,2502,False,2023-01-01 17:01:32.450781680+00:00,Good morning everyone!
u162,0,2598,770,2502,False,2023-01-01 17:47:54.918961525+00:00,Good morning everyone!
u162,0,2598,770,2502,False,2023-01-01 18:11:54.610310011+00:00,Good morning everyone!
u162,0,2598,770,2502,False,2023-01-01 18:42:40.110896201+00:00,Good morning everyone!
u163,0,2099,251,2000,False,2023-01-01 09:35:03.927391248+00:00,Good morning everyone!
u163,0,2099,251,2000,False,2023-01-01 11:08:35.578651395+00:00,Good morning everyone!
u163,0,2099,251,2000,False,2023-01-01 12:19:31.854081786+00:00,Good morning everyone!
u163,0,2099,251,2000,False,2023-01-01 12:31:51.483757179+00:00,Good morning everyone!
u163,0,2099,251,2000,False,2023-01-01 13:16:39.469375601+00:00,Good morning everyone!
u163,0,2099,251,2000,False,2023-01-01 13:46:07.678689001+00:00,Good morning everyone!
u163,0,2099,251,2000,False,2023-01-01 15:08:16.439571487+00:00,Good morning everyone!
u163,0,2099,251,2000,False,2023-01-01 15:48:31.644439646+00:00,Good morning everyone!
u163,0,2099,251,2000,False,2023-01-01 16:05:40.293182431+00:00,Good morning everyone!
u163,0,2099,251,2000,False,2023-01-01 16:21:42.864111135+00:00,Good morning everyone!
u164,0,1293,653,7747,False,2023-01-01 09:27:05.620987098+00:00,Good morning everyone!
u164,0,1293,653,7747,False,2023-01-01 10:43:48.958799387+00:00,Good morning everyone!
u164,0,1293,653,7747,False,2023-01-01 11:42:43.899784257+00:00,Good morning everyone!
u164,0,1293,653,7747,False,2023-01-01 12:41:26.719824387+00:00,Good morning everyone!
u164,0,1293,653,7747,False,2023-01-01 12:59:20.580963963+00:00,Good morning everyone!
u164,0,1293,653,7747,False,2023-01-01 14:37:38.745815363+00:00,Good morning everyone!
u164,0,1293,653,7747,False,2023-01-01 16:25:52.892214734+00:00,Good morning everyone!
u164,0,1293,653,7747,False,2023-01-01 16:37:05.602219469+00:00,Good morning everyone!
u164,0,1293,653,7747,False,2023-01-01 17:06:44.389779069+00:00,Good morning everyone!
u164,0,1293,653,7747,False,2023-01-01 18:56:10.157425119+00:00,Good morning everyone!
u165,0,2102,66,1339,False,2023-01-01 09:32:18.416987220+00:00,Good morning everyone!
u165,0,2102,66,1339,False,2023-01-01 10:54:54.326199184+00:00,Good morning everyone!
u165,0,2102,66,1339,False,2023-01-01 12:24:38.117226013+00:00,Good morning everyone!
u165,0,2102,66,1339,False,2023-01-01 13:40:34.334162640+00:00,Good morning everyone!
u165,0,2102,66,1339,False,2023-01-01 15:35:25.113470062+00:00,Good morning everyone!
u165,0,2102,66,1339,False,2023-01-01 16:39:45.933254229+00:00,Good morning everyone!
u165,0,2102,66,1339,False,2023-01-01 17:22:47.727874369+00:00,Good morning everyone!
u165,0,2102,66,1339,False,2023-01-01 18:25:17.465080209+00:00,Good morning everyone!
u165,0,2102,66,1339,False,2023-01-01 19:14:51.262618408+00:00,Good morning everyone!
u165,0,2102,66,1339,False,2023-01-01 19:49:32.407510060+00:00,Good morning everyone!
u166,0,151,128,2201,False,2023-01-01 09:12:01.689498976+00:00,Good morning everyone!
u166,0,151,128,2201,False,2023-01-01 10:10:20.267686135+00:00,Good morning everyone!
u166,0,151,128,2201,False,2023-01-01 11:31:10.729735704+00:00,Good morning everyone!
u166,0,151,128,2201,False,2023-01-01 12:48:19.396856254+00:00,Good morning everyone!
u166,0,151,128,2201,False,2023-01-01 14:23:45.276533119+00:00,Good morning everyone!
u166,0,151,128,2201,False,2023-01-01 16:02:54.706656473+00:00,Good morning everyone!
u166,0,151,128,2201,False,2023-01-01 17:31:11.965074540+00:00,Good morning everyone!
u166,0,151,128,2201,False,2023-01-01 17:52:30.429869095+00:00,Good morning everyone!
u166,0,151,128,2201,False,2023-01-01 18:54:45.577999523+00:00,Good morning everyone!
u166,0,151,128,2201,False,2023-01-01 20:11:08.057318941+00:00,Good morning everyone!
u167,0,1391,314,282,False,2023-01-01 09:34:35.696117781+00:00,Good morning everyone!
u167,0,1391,314,282,False,2023-01-01 10:34:37.999169216+00:00,Good morning everyone!
u167,0,1391,314,282,False,2023-01-01 11:30:09.939274976+00:00,Good morning everyone!
u167,0,1391,314,282,False,2023-01-01 11:59:35.941351735+00:00,Good morning everyone!
u167,0,1391,314,282,False,2023-01-01 13:40:17.083933446+00:00,Good morning everyone!
u167,0,1391,314,282,False,2023-01-01 15:32:06.615947108+00:00,Good morning everyone!
u167,0,1391,314,282,False,2023-01-01 16:04:15.514852855+00:00,Good morning everyone!
u167,0,1391,314,282,False,2023-01-01 17:56:30.696095598+00:00,Good morning everyone!
u167,0,1391,314,282,False,2023-01-01 18:08:28.578426154+00:00,Good morning everyone!
u167,0,1391,314,282,False,2023-01-01 20:00:13.330746019+00:00,Good morning everyone!
u168,0,4811,431,11435,False,2023-01-01 10:56:43.330378960+00:00,Good morning everyone!
u168,0,4811,431,11435,False,2023-01-01 12:46:22.285023157+00:00,Good morning everyone!
u168,0,4811,431,11435,False,2023-01-01 14:43:08.972087052+00:00,Good morning everyone!
u168,0,4811,431,11435,False,2023-01-01 15:53:41.107224656+00:00,Good morning everyone!
u168,0,4811,431,11435,False,2023-01-01 16:12:16.937747899+00:00,Good morning everyone!
u168,0,4811,431,11435,False,2023-01-01 17:55:45.546453412+00:00,Good morning everyone!
u168,0,4811,431,11435,False,2023-01-01 19:13:16.812941751+00:00,Good morning everyone!
u168,0,4811,431,11435,False,2023-01-01 20:30:54.075453393+00:00,Good morning everyone!
u168,0,4811,431,11435,False,2023-01-01 21:26:47.949278460+00:00,Good morning everyone!
u168,0,4811,431,11435,False,2023-01-01 22:39:42.106323499+00:00,Good morning everyone!
u169,0,356,59,16865,False,2023-01-01 09:18:15.114228520+00:00,Good morning everyone!
u169,0,356,59,16865,False,2023-01-01 10:48:31.667291009+00:00,Good morning everyone!
u169,0,356,59,16865,False,2023-01-01 12:31:54.924880333+00:00,Good morning everyone!
u169,0,356,59,16865,False,2023-01-01 13:33:53.218152258+00:00,Good morning everyone!
u169,0,356,59,16865,False,2023-01-01 14:39:58.098568234+00:00,Good morning everyone!
u169,0,356,59,16865,False,2023-01-01 15:24:18.712769519+00:00,Good morning everyone!
u169,0,356,59,16865,False,2023-01-01 17:20:57.139422107+00:00,Good morning everyone!
u169,0,356,59,16865,False,2023-01-01 18:51:35.760954200+00:00,Good morning everyone!
u169,0,356,59,16865,False,2023-01-01 19:42:11.085405982+00:00,Good morning everyone!
u169,0,356,59,16865,False,2023-01-01 20:11:24.814155119+00:00,Good morning everyone!
u170,0,194,596,7017,False,2023-01-01 10:30:45.365882022+00:00,Good morning everyone!
u170,0,194,596,7017,False,2023-01-01 11:04:25.974620004+00:00,Good morning everyone!
u170,0,194,596,7017,False,2023-01-01 12:48:59.078100568+00:00,Good morning everyone!
u170,0,194,596,7017,False,2023-01-01 13:40:35.201552431+00:00,Good morning everyone!
u170,0,194,596,7017,False,2023-01-01 15:24:16.567958597+00:00,Good morning everyone!
u170,0,194,596,7017,False,2023-01-01 16:00:51.785305272+00:00,Good morning everyone!
u170,0,194,596,7017,False,2023-01-01 17:18:54.945344051+00:00,Good morning everyone!
u170,0,194,596,7017,False,2023-01-01 19:10:50.970565387+00:00,Good morning everyone!
u170,0,194,596,7017,False,2023-01-01 19:49:13.071025762+00:00,Good morning everyone!
u170,0,194,596,7017,False,2023-01-01 21:15:26.386523628+00:00,Good morning everyone!
u171,0,895,397,3718,False,2023-01-01 09:19:43.455118624+00:00,Good morning everyone!
u171,0,895,397,3718,False,2023-01-01 10:43:53.143388759+00:00,Good morning everyone!
u171,0,895,397,3718,False,2023-01-01 11:31:15.400643902+00:00,Good morning everyone!
u171,0,895,397,3718,False,2023-01-01 11:49:05.614194521+00:00,Good morning everyone!
u171,0,895,397,3718,False,2023-01-01 12:51:22.631272552+00:00,Good morning everyone!
u171,0,895,397,3718,False,2023-01-01 14:24:17.517758202+00:00,Good morning everyone!
u171,0,895,397,3718,False,2023-01-01 15:05:39.325600942+00:00,Good morning everyone!
u171,0,895,397,3718,False,2023-01-01 15:52:30.634992475+00:00,Good morning everyone!
u171,0,895,397,3718,False,2023-01-01 17:35:32.251036745+00:00,Good morning everyone!
u171,0,895,397,3718,False,2023-01-01 18:42:44.725657670+00:00,Good morning everyone!
u172,0,1958,76,7376,False,2023-01-01 10:21:35.244292137+00:00,Good morning everyone!
u172,0,1958,76,7376,False,2023-01-01 10:44:20.176803244+00:00,Good morning everyone!
u172,0,1958,76,7376,False,2023-01-01 12:31:41.790525540+00:00,Good morning everyone!
u172,0,1958,76,7376,False,2023-01-01 13:35:30.940785023+00:00,Good morning everyone!
u172,0,1958,76,7376,False,2023-01-01 14:01:05.757973644+00:00,Good morning everyone!
u172,0,1958,76,7376,False,2023-01-01 14:27:53.512856997+00:00,Good morning everyone!
u172,0,1958,76,7376,False,2023-01-01 15:53:31.236828722+00:00,Good morning everyone!
u172,0,1958,76,7376,False,2023-01-01 16:08:43.895373136+00:00,Good morning everyone!
u172,0,1958,76,7376,False,2023-01-01 16:50:15.414221567+00:00,Good morning everyone!
u172,0,1958,76,7376,False,2023-01-01 17:15:38.012318668+00:00,Good morning everyone!
u173,0,586,384,1158,False,2023-01-01 10:07:24.384468946+00:00,Good morning everyone!
u173,0,586,384,1158,False,2023-01-01 10:48:09.984241022+00:00,Good morning everyone!
u173,0,586,384,1158,False,2023-01-01 11:01:41.471930917+00:00,Good morning everyone!
u173,0,586,384,1158,False,2023-01-01 12:19:16.420234049+00:00,Good morning everyone!
u173,0,586,384,1158,False,2023-01-01 13:10:22.959053072+00:00,Good morning everyone!
u173,0,586,384,1158,False,2023-01-01 14:32:01.770044756+00:00,Good morning everyone!
u173,0,586,384,1158,False,2023-01-01 14:53:58.972052064+00:00,Good morning everyone!
u173,0,586,384,1158,False,2023-01-01 15:05:29.902597004+00:00,Good morning everyone!
u173,0,586,384,1158,False,2023-01-01 15:42:48.644633046+00:00,Good morning everyone!
u173,0,586,384,1158,False,2023-01-01 16:43:01.856964806+00:00,Good morning everyone!
u174,0,99,623,613,False,2023-01-01 10:08:20.911785380+00:00,Good morning everyone!
u174,0,99,623,613,False,2023-01-01 11:23:38.114695498+00:00,Good morning everyone!
u174,0,99,623,613,False,2023-01-01 11:36:02.201880360+00:00,Good morning everyone!
u174,0,99,623,613,False,2023-01-01 12:42:42.082167544+00:00,Good morning everyone!
u174,0,99,623,613,False,2023-01-01 13:30:37.968479576+00:00,Good morning everyone!
u174,0,99,623,613,False,2023-01-01 14:26:58.417322285+00:00,Good morning everyone!
u174,0,99,623,613,False,2023-01-01 14:48:00.314152353+00:00,Good morning everyone!
u174,0,99,623,613,False,2023-01-01 16:24:06.929885634+00:00,Good morning everyone!
u174,0,99,623,613,False,2023-01-01 18:17:46.797940970+00:00,Good morning everyone!
u174,0,99,623,613,False,2023-01-01 18:30:13.772157125+00:00,Good morning everyone!
u175,0,1741,657,6523,False,2023-01-01 09:41:19.730085089+00:00,Good morning everyone!
u175,0,1741,657,6523,False,2023-01-01 11:17:57.596945186+00:00,Good morning everyone!
u175,0,1741,657,6523,False,2023-01-01 12:37:31.140280243+00:00,Good morning everyone!
u175,0,1741,657,6523,False,2023-01-01 14:29:43.613653232+00:00,Good morning everyone!
u175,0,1741,657,6523,False,2023-01-01 16:27:38.245408166+00:00,Good morning everyone!
u175,0,1741,657,6523,False,2023-01-01 16:42:17.729760557+00:00,Good morning everyone!
u175,0,1741,657,6523,False,2023-01-01 17:41:14.318983335+00:00,Good morning everyone!
u175,0,1741,657,6523,False,2023-01-01 18:51:24.438381351+00:00,Good morning everyone!
u175,0,1741,657,6523,False,2023-01-01 19:17:32.943720521+00:00,Good morning everyone!
u175,0,1741,657,6523,False,2023-01-01 20:04:32.430201341+00:00,Good morning everyone!
u176,0,1776,192,10934,False,2023-01-01 10:42:41.520503340+00:00,Good morning everyone!
u176,0,1776,192,10934,False,2023-01-01 11:28:19.268837287+00:00,Good morning everyone!
u176,0,1776,192,10934,False,2023-01-01 12:31:05.938955471+00:00,Good morning everyone!
u176,0,1776,192,10934,False,2023-01-01 14:28:41.040877671+00:00,Good morning everyone!
u176,0,1776,192,10934,False,2023-01-01 15:30:55.227998410+00:00,Good morning everyone!
u176,0,1776,192,10934,False,2023-01-01 15:55:19.308658576+00:00,Good morning everyone!
u176,0,1776,192,10934,False,2023-01-01 16:11:00.670503574+00:00,Good morning everyone!
u176,0,1776,192,10934,False,2023-01-01 18:05:00.419881677+00:00,Good morning everyone!
u176,0,1776,192,10934,False,2023-01-01 18:44:14.762009292+00:00,Good morning everyone!
u176,0,1776,192,10934,False,2023-01-01 19:49:41.583792618+00:00,Good morning everyone!
u177,0,346,62,6462,False,2023-01-01 10:52:18.696427050+00:00,Good morning everyone!
u177,0,346,62,6462,False,2023-01-01 11:57:34.622185014+00:00,Good morning everyone!
u177,0,346,62,6462,False,2023-01-01 13:54:24.114186909+00:00,Good morning everyone!
u177,0,346,62,6462,False,2023-01-01 14:32:52.429392675+00:00,Good morning everyone!
u177,0,346,62,6462,False,2023-01-01 15:38:22.427974720+00:00,Good morning everyone!
u177,0,346,62,6462,False,2023-01-01 17:22:55.331200661+00:00,Good morning everyone!
u177,0,346,62,6462,False,2023-01-01 18:22:13.796740715+00:00,Good morning everyone!
u177,0,346,62,6462,False,2023-01-01 19:02:58.413406278+00:00,Good morning everyone!
u177,0,346,62,6462,False,2023-01-01 20:47:04.550804836+00:00,Good morning everyone!
u177,0,346,62,6462,False,2023-01-01 21:39:57.821299395+00:00,Good morning everyone!
u178,0,2682,733,3611,False,2023-01-01 09:43:09.244202353+00:00,Good morning everyone!
u178,0,2682,733,3611,False,2023-01-01 09:56:34.303562813+00:00,Good morning everyone!
u178,0,2682,733,3611,False,2023-01-01 10:49:40.432448219+00:00,Good morning everyone!
u178,0,2682,733,3611,False,2023-01-01 11:21:41.643090079+00:00,Good morning everyone!
u178,0,2682,733,3611,False,2023-01-01 12:46:29.873663771+00:00,Good morning everyone!
u178,0,2682,733,3611,False,2023-01-01 13:16:26.595291625+00:00,Good morning everyone!
u178,0,2682,733,3611,False,2023-01-01 14:40:40.359457503+00:00,Good morning everyone!
u178,0,2682,733,3611,False,2023-01-01 15:19:39.297283552+00:00,Good morning everyone!
u178,0,2682,733,3611,False,2023-01-01 16:08:43.734988751+00:00,Good morning everyone!
u178,0,2682,733,3611,False,2023-01-01 16:57:06.215292257+00:00,Good morning everyone!
u179,0,400,782,5184,False,2023-01-01 09:49:44.572732427+00:00,Good morning everyone!
u179,0,400,782,5184,False,2023-01-01 11:33:31.882678087+00:00,Good morning everyone!
u179,0,400,782,5184,False,2023-01-01 12:46:26.756807318+00:00,Good morning everyone!
u179,0,400,782,5184,False,2023-01-01 13:19:58.040227752+00:00,Good morning everyone!
u179,0,400,782,5184,False,2023-01-01 15:08:58.642663500+00:00,Good morning everyone!
u179,0,400,782,5184,False,2023-01-01 15:56:40.134617322+00:00,Good morning everyone!
u179,0,400,782,5184,False,2023-01-01 16:10:57.398509068+00:00,Good morning everyone!
u179,0,400,782,5184,False,2023-01-01 17:15:21.759987299+00:00,Good morning everyone!
u179,0,400,782,5184,False,2023-01-01 17:38:59.751146608+00:00,Good morning everyone!
u179,0,400,782,5184,False,2023-01-01 18:15:13.629675131+00:00,Good morning everyone!
u180,0,2008,307,4306,False,2023-01-01 10:53:03.588101664+00:00,Good morning everyone!
u180,0,2008,307,4306,False,2023-01-01 12:09:46.699964356+00:00,Good morning everyone!
u180,0,2008,307,4306,False,2023-01-01 13:37:55.070631706+00:00,Good morning everyone!
u180,0,2008,307,4306,False,2023-01-01 15:06:24.742257094+00:00,Good morning everyone!
u180,0,2008,307,4306,False,2023-01-01 17:05:37.274775078+00:00,Good morning everyone!
u180,0,2008,307,4306,False,2023-01-01 17:53:11.427305608+00:00,Good morning everyone!
u180,0,2008,307,4306,False,2023-01-01 18:21:06.280543809+00:00,Good morning everyone!
u180,0,2008,307,4306,False,2023-01-01 19:28:12.784294243+00:00,Good morning everyone!
u180,0,2008,307,4306,False,2023-01-01 20:36:52.233039132+00:00,Good morning everyone!
u180,0,2008,307,4306,False,2023-01-01 21:06:26.455461886+00:00,Good morning everyone!
u181,0,1745,148,254,False,2023-01-01 10:52:02.611456197+00:00,Good morning everyone!
u181,0,1745,148,254,False,2023-01-01 11:31:08.801689817+00:00,Good morning everyone!
u181,0,1745,148,254,False,2023-01-01 11:45:29.899065192+00:00,Good morning everyone!
u181,0,1745,148,254,False,2023-01-01 12:07:24.345378926+00:00,Good morning everyone!
u181,0,1745,148,254,False,2023-01-01 12:43:49.988437571+00:00,Good morning everyone!
u181,0,1745,148,254,False,2023-01-01 13:23:57.769150370+00:00,Good morning everyone!
u181,0,1745,148,254,False,2023-01-01 13:37:34.315147055+00:00,Good morning everyone!
u181,0,1745,148,254,False,2023-01-01 14:18:18.056907533+00:00,Good morning everyone!
u181,0,1745,148,254,False,2023-01-01 14:49:31.472368389+00:00,Good morning everyone!
u181,0,1745,148,254,False,2023-01-01 15:41:10.370489456+00:00,Good morning everyone!
u182,0,653,785,2384,False,2023-01-01 09:19:52.226433092+00:00,Good morning everyone!
u182,0,653,785,2384,False,2023-01-01 09:32:38.579084124+00:00,Good morning everyone!
u182,0,653,785,2384,False,2023-01-01 10:04:52.533465156+00:00,Good morning everyone!
u182,0,653,785,2384,False,2023-01-01 11:38:06.419686105+00:00,Good morning everyone!
u182,0,653,785,2384,False,2023-01-01 13:37:05.764138742+00:00,Good morning everyone!
u182,0,653,785,2384,False,2023-01-01 15:29:14.036894120+00:00,Good morning everyone!
u182,0,653,785,2384,False,2023-01-01 16:34:41.884640669+00:00,Good morning everyone!
u182,0,653,785,2384,False,2023-01-01 17:43:11.922088803+00:00,Good morning everyone!
u182,0,653,785,2384,False,2023-01-01 18:27:48.160444439+00:00,Good morning everyone!
u182,0,653,785,2384,False,2023-01-01 20:02:56.160739447+00:00,Good morning everyone!
u183,0,2397,304,7264,False,2023-01-01 10:48:30.330209499+00:00,Good morning everyone!
u183,0,2397,304,7264,False,2023-01-01 11:46:17.035247785+00:00,Good morning everyone!
u183,0,2397,304,7264,False,2023-01-01 13:20:38.413997292+00:00,Good morning everyone!
u183,0,2397,304,7264,False,2023-01-01 14:59:20.645607344+00:00,Good morning everyone!
u183,0,2397,304,7264,False,2023-01-01 15:43:16.479115829+00:00,Good morning everyone!
u183,0,2397,304,7264,False,2023-01-01 17:35:29.477926269+00:00,Good morning everyone!
u183,0,2397,304,7264,False,2023-01-01 17:55:52.131843690+00:00,Good morning everyone!
u183,0,2397,304,7264,False,2023-01-01 19:55:14.308426167+00:00,Good morning everyone!
u183,0,2397,304,7264,False,2023-01-01 21:29:56.907166015+00:00,Good morning everyone!
u183,0,2397,304,7264,False,2023-01-01 21:50:12.495141155+00:00,Good morning everyone!
u184,0,609,150,3119,False,2023-01-01 10:37:54.871282949+00:00,Good morning everyone!
u184,0,609,150,3119,False,2023-01-01 11:54:10.778953352+00:00,Good morning everyone!
u184,0,609,150,3119,False,2023-01-01 13:38:26.057540001+00:00,Good morning everyone!
u184,0,609,150,3119,False,2023-01-01 13:59:12.087189419+00:00,Good morning everyone!
u184,0,609,150,3119,False,2023-01-01 14:39:33.184546888+00:00,Good morning everyone!
u184,0,609,150,3119,False,2023-01-01 15:35:06.756189399+00:00,Good morning everyone!
u184,0,609,150,3119,False,2023-01-01 15:49:46.978678064+00:00,Good morning everyone!
u184,0,609,150,3119,False,2023-01-01 16:49:05.204856033+00:00,Good morning everyone!
u184,0,609,150,3119,False,2023-01-01 17:28:15.613666375+00:00,Good morning everyone!
u184,0,609,150,3119,False,2023-01-01 18:21:27.664746246+00:00,Good morning everyone!
u185,0,560,75,14043,False,2023-01-01 09:39:44.250405482+00:00,Good morning everyone!
u185,0,560,75,14043,False,2023-01-01 11:28:02.955055009+00:00,Good morning everyone!
u185,0,560,75,14043,False,2023-01-01 12:24:54.363422773+00:00,Good morning everyone!
u185,0,560,75,14043,False,2023-01-01 13:10:57.894379353+00:00,Good morning everyone!
u185,0,560,75,14043,False,2023-01-01 14:16:14.473904964+00:00,Good morning everyone!
u185,0,560,75,14043,False,2023-01-01 15:12:11.579594958+00:00,Good morning everyone!
u185,0,560,75,14043,False,2023-01-01 15:50:30.236861121+00:00,Good morning everyone!
u185,0,560,75,14043,False,2023-01-01 16:55:47.920404775+00:00,Good morning everyone!
u185,0,560,75,14043,False,2023-01-01 17:22:29.811843095+00:00,Good morning everyone!
u185,0,560,75,14043,False,2023-01-01 18:11:12.549467046+00:00,Good morning everyone!
u186,0,1248,463,1826,False,2023-01-01 09:38:14.363626132+00:00,Good morning everyone!
u186,0,1248,463,1826,False,2023-01-01 11:34:54.856046416+00:00,Good morning everyone!
u186,0,1248,463,1826,False,2023-01-01 13:11:14.021384034+00:00,Good morning everyone!
u186,0,1248,463,1826,False,2023-01-01 15:07:40.135355617+00:00,Good morning everyone!
u186,0,1248,463,1826,False,2023-01-01 16:49:51.836617497+00:00,Good morning everyone!
u186,0,1248,463,1826,False,2023-01-01 17:15:29.722528117+00:00,Good morning everyone!
u186,0,1248,463,1826,False,2023-01-01 18:23:24.359126308+00:00,Good morning everyone!
u186,0,1248,463,1826,False,2023-01-01 18:52:06.217366200+00:00,Good morning everyone!
u186,0,1248,463,1826,False,2023-01-01 20:32:06.517893539+00:00,Good morning everyone!
u186,0,1248,463,1826,False,2023-01-01 21:46:21.988078148+00:00,Good morning everyone!
u187,0,353,360,2931,False,2023-01-01 09:22:40.227951874+00:00,Good morning everyone!
u187,0,353,360,2931,False,2023-01-01 10:34:41.719814784+00:00,Good morning everyone!
u187,0,353,360,2931,False,2023-01-01 12:04:00.587475584+00:00,Good morning everyone!
u187,0,353,360,2931,False,2023-01-01 12:20:28.987821978+00:00,Good morning everyone!
u187,0,353,360,2931,False,2023-01-01 13:36:14.837641138+00:00,Good morning everyone!
u187,0,353,360,2931,False,2023-01-01 15:15:59.785663194+00:00,Good morning everyone!
u187,0,353,360,2931,False,2023-01-01 15:33:25.465938353+00:00,Good morning everyone!
u187,0,353,360,2931,False,2023-01-01 16:39:46.269547656+00:00,Good morning everyone!
u187,0,353,360,2931,False,2023-01-01 17:18:12.746923437+00:00,Good morning everyone!
u187,0,353,360,2931,False,2023-01-01 18:41:08.048303580+00:00,Good morning everyone!
u188,0,448,349,8226,False,2023-01-01 09:30:27.431171179+00:00,Good morning everyone!
u188,0,448,349,8226,False,2023-01-01 10:16:00.986007988+00:00,Good morning everyone!
u188,0,448,349,8226,False,2023-01-01 11:30:39.376840698+00:00,Good morning everyone!
u188,0,448,349,8226,False,2023-01-01 12:59:38.588262484+00:00,Good morning everyone!
u188,0,448,349,8226,False,2023-01-01 13:58:20.117962541+00:00,Good morning everyone!
u188,0,448,349,8226,False,2023-01-01 14:25:31.640687483+00:00,Good morning everyone!
u188,0,448,349,8226,False,2023-01-01 14:46:59.040546581+00:00,Good morning everyone!
u188,0,448,349,8226,False,2023-01-01 16:46:57.491770215+00:00,Good morning everyone!
u188,0,448,349,8226,False,2023-01-01 17:47:02.815771742+00:00,Good morning everyone!
u188,0,448,349,8226,False,2023-01-01 19:33:01.525316122+00:00,Good morning everyone!
u189,0,66,752,5219,False,2023-01-01 09:19:39.211926292+00:00,Good morning everyone!
u189,0,66,752,5219,False,2023-01-01 09:42:11.738589100+00:00,Good morning everyone!
u189,0,66,752,5219,False,2023-01-01 11:34:27.311028079+00:00,Good morning everyone!
u189,0,66,752,5219,False,2023-01-01 13:28:40.765125374+00:00,Good morning everyone!
u189,0,66,752,5219,False,2023-01-01 14:13:17.900278645+00:00,Good morning everyone!
u189,0,66,752,5219,False,2023-01-01 15:02:21.988532804+00:00,Good morning everyone!
u189,0,66,752,5219,False,2023-01-01 16:02:08.160082713+00:00,Good morning everyone!
u189,0,66,752,5219,False,2023-01-01 16:57:54.827171157+00:00,Good morning everyone!
u189,0,66,752,5219,False,2023-01-01 17:28:49.125596490+00:00,Good morning everyone!
u189,0,66,752,5219,False,2023-01-01 19:17:38.403130489+00:00,Good morning everyone!
u190,0,122,408,582,False,2023-01-01 09:14:15.758788087+00:00,Good morning everyone!
u190,0,122,408,582,False,2023-01-01 10:36:10.379907094+00:00,Good morning everyone!
u190,0,122,408,582,False,2023-01-01 11:23:27.884567077+00:00,Good morning everyone!
u190,0,122,408,582,False,2023-01-01 12:45:33.916559029+00:00,Good morning everyone!
u190,0,122,408,582,False,2023-01-01 13:05:54.456493343+00:00,Good morning everyone!
u190,0,122,408,582,False,2023-01-01 15:00:23.475600787+00:00,Good morning everyone!
u190,0,122,408,582,False,2023-01-01 16:32:43.671082281+00:00,Good morning everyone!
u190,0,122,408,582,False,2023-01-01 18:19:07.034820251+00:00,Good morning everyone!
u190,0,122,408,582,False,2023-01-01 18:44:07.740476944+00:00,Good morning everyone!
u190,0,122,408,582,False,2023-01-01 19:29:20.802871636+00:00,Good morning everyone!
u191,0,187,578,1227,False,2023-01-01 09:42:39.332004348+00:00,Good morning everyone!
u191,0,187,578,1227,False,2023-01-01 09:59:19.494902798+00:00,Good morning everyone!
u191,0,187,578,1227,False,2023-01-01 10:49:54.092215665+00:00,Good morning everyone!
u191,0,187,578,1227,False,2023-01-01 11:27:54.117692205+00:00,Good morning everyone!
u191,0,187,578,1227,False,2023-01-01 12:20:21.198215862+00:00,Good morning everyone!
u191,0,187,578,1227,False,2023-01-01 12:52:01.131197154+00:00,Good morning everyone!
u191,0,187,578,1227,False,2023-01-01 13:30:49.647269281+00:00,Good morning everyone!
u191,0,187,578,1227,False,2023-01-01 14:49:47.532716133+00:00,Good morning everyone!
u191,0,187,578,1227,False,2023-01-01 15:42:29.348024348+00:00,Good morning everyone!
u191,0,187,578,1227,False,2023-01-01 16:30:28.878419266+00:00,Good morning everyone!
u192,0,2766,798,1082,False,2023-01-01 10:14:37.628650868+00:00,Good morning everyone!
u192,0,2766,798,1082,False,2023-01-01 12:10:54.565978297+00:00,Good morning everyone!
u192,0,2766,798,1082,False,2023-01-01 13:18:19.634731476+00:00,Good morning everyone!
u192,0,2766,798,1082,False,2023-01-01 15:08:24.298736491+00:00,Good morning everyone!
u192,0,2766,798,1082,False,2023-01-01 16:45:42.538056583+00:00,Good morning everyone!
u192,0,2766,798,1082,False,2023-01-01 17:02:10.081355473+00:00,Good morning everyone!
u192,0,2766,798,1082,False,2023-01-01 17:59:22.133907170+00:00,Good morning everyone!
u192,0,2766,798,1082,False,2023-01-01 19:26:11.035399102+00:00,Good morning everyone!
u192,0,2766,798,1082,False,2023-01-01 21:24:43.334021260+00:00,Good morning everyone!
u192,0,2766,798,1082,False,2023-01-01 22:25:08.617542925+00:00,Good morning everyone!
u193,0,190,628,4250,False,2023-01-01 09:23:55.321028018+00:00,Good morning everyone!
u193,0,190,628,4250,False,2023-01-01 10:56:35.350125861+00:00,Good morning everyone!
u193,0,190,628,4250,False,2023-01-01 12:02:26.018309108+00:00,Good morning everyone!
u193,0,190,628,4250,False,2023-01-01 13:32:00.665340398+00:00,Good morning everyone!
u193,0,190,628,4250,False,2023-01-01 15:17:38.453397796+00:00,Good morning everyone!
u193,0,190,628,4250,False,2023-01-01 16:36:49.510311070+00:00,Good morning everyone!
u193,0,190,628,4250,False,2023-01-01 17:54:11.609884140+00:00,Good morning everyone!
u193,0,190,628,4250,False,2023-01-01 19:27:11.773834041+00:00,Good morning everyone!
u193,0,190,628,4250,False,2023-01-01 21:09:51.976843628+00:00,Good morning everyone!
u193,0,190,628,4250,False,2023-01-01 22:55:27.731833056+00:00,Good morning everyone!
u194,0,5,124,1061,False,2023-01-01 10:44:38.282879159+00:00,Good morning everyone!
u194,0,5,124,1061,False,2023-01-01 12:05:57.707601501+00:00,Good morning everyone!
u194,0,5,124,1061,False,2023-01-01 13:02:11.175963115+00:00,Good morning everyone!
u194,0,5,124,1061,False,2023-01-01 13:32:52.663868715+00:00,Good morning everyone!
u194,0,5,124,1061,False,2023-01-01 14:20:10.219799785+00:00,Good morning everyone!
u194,0,5,124,1061,False,2023-01-01 15:47:35.152583750+00:00,Good morning everyone!
u194,0,5,124,1061,False,2023-01-01 16:20:03.925582146+00:00,Good morning everyone!
u194,0,5,124,1061,False,2023-01-01 16:40:21.573021379+00:00,Good morning everyone!
u194,0,5,124,1061,False,2023-01-01 18:28:02.562825680+00:00,Good morning everyone!
u194,0,5,124,1061,False,2023-01-01 20:02:06.351132908+00:00,Good morning everyone!
u195,0,471,467,3201,False,2023-01-01 10:56:55.663169063+00:00,Good morning everyone!
u195,0,471,467,3201,False,2023-01-01 12:24:49.680781673+00:00,Good morning everyone!
u195,0,471,467,3201,False,2023-01-01 13:41:59.126009484+00:00,Good morning everyone!
u195,0,471,467,3201,False,2023-01-01 14:25:49.474013283+00:00,Good morning everyone!
u195,0,471,467,3201,False,2023-01-01 15:08:43.699964782+00:00,Good morning everyone!
u195,0,471,467,3201,False,2023-01-01 15:23:04.555848137+00:00,Good morning everyone!
u195,0,471,467,3201,False,2023-01-01 16:53:12.536169689+00:00,Good morning everyone!
u195,0,471,467,3201,False,2023-01-01 17:07:57.492655064+00:00,Good morning everyone!
u195,0,471,467,3201,False,2023-01-01 17:18:29.551084394+00:00,Good morning everyone!
u195,0,471,467,3201,False,2023-01-01 18:48:44.218664276+00:00,Good morning everyone!
u196,0,2306,284,4058,False,2023-01-01 10:03:27.898647101+00:00,Good morning everyone!
u196,0,2306,284,4058,False,2023-01-01 11:01:26.399036585+00:00,Good morning everyone!
u196,0,2306,284,4058,False,2023-01-01 11:47:09.047239513+00:00,Good morning everyone!
u196,0,2306,284,4058,False,2023-01-01 12:54:32.361053139+00:00,Good morning everyone!
u196,0,2306,284,4058,False,2023-01-01 13:51:57.957370270+00:00,Good morning everyone!
u196,0,2306,284,4058,False,2023-01-01 15:07:45.865378539+00:00,Good morning everyone!
u196,0,2306,284,4058,False,2023-01-01 16:56:33.457909846+00:00,Good morning everyone!
u196,0,2306,284,4058,False,2023-01-01 18:56:00.520064183+00:00,Good morning everyone!
u196,0,2306,284,4058,False,2023-01-01 19:14:40.225777410+00:00,Good morning everyone!
u196,0,2306,284,4058,False,2023-01-01 20:06:59.136696974+00:00,Good morning everyone!
u197,0,652,617,1691,False,2023-01-01 09:41:37.321922419+00:00,Good morning everyone!
u197,0,652,617,1691,False,2023-01-01 10:10:49.266991155+00:00,Good morning everyone!
u197,0,652,617,1691,False,2023-01-01 11:44:52.168943735+00:00,Good morning everyone!
u197,0,652,617,1691,False,2023-01-01 12:49:27.674646407+00:00,Good morning everyone!
u197,0,652,617,1691,False,2023-01-01 14:40:34.695489040+00:00,Good morning everyone!
u197,0,652,617,1691,False,2023-01-01 14:54:09.805614470+00:00,Good morning everyone!
u197,0,652,617,1691,False,2023-01-01 15:11:31.860501141+00:00,Good morning everyone!
u197,0,652,617,1691,False,2023-01-01 16:05:53.466148481+00:00,Good morning everyone!
u197,0,652,617,1691,False,2023-01-01 16:24:43.296463147+00:00,Good morning everyone!
u197,0,652,617,1691,False,2023-01-01 17:03:37.311799484+00:00,Good morning everyone!
u198,0,254,149,6239,False,2023-01-01 10:13:50.892761538+00:00,Good morning everyone!
u198,0,254,149,6239,False,2023-01-01 11:05:17.345597714+00:00,Good morning everyone!
u198,0,254,149,6239,False,2023-01-01 12:46:13.977173020+00:00,Good morning everyone!
u198,0,254,149,6239,False,2023-01-01 13:11:28.608812540+00:00,Good morning everyone!
u198,0,254,149,6239,False,2023-01-01 14:08:36.000275093+00:00,Good morning everyone!
u198,0,254,149,6239,False,2023-01-01 15:34:28.428474823+00:00,Good morning everyone!
u198,0,254,149,6239,False,2023-01-01 17:19:58.788980690+00:00,Good morning everyone!
u198,0,254,149,6239,False,2023-01-01 18:10:37.961582644+00:00,Good morning everyone!
u198,0,254,149,6239,False,2023-01-01 19:23:05.082536662+00:00,Good morning everyone!
u198,0,254,149,6239,False,2023-01-01 19:40:41.406173709+00:00,Good morning everyone!
u199,0,179,480,171,False,2023-01-01 10:30:04.013887190+00:00,Good morning everyone!
u199,0,179,480,171,False,2023-01-01 11:11:45.209680756+00:00,Good morning everyone!
u199,0,179,480,171,False,2023-01-01 12:41:21.928596022+00:00,Good morning everyone!
u199,0,179,480,171,False,2023-01-01 12:58:40.157237707+00:00,Good morning everyone!
u199,0,179,480,171,False,2023-01-01 14:43:32.972720401+00:00,Good morning everyone!
u199,0,179,480,171,False,2023-01-01 16:25:27.472027934+00:00,Good morning everyone!
u199,0,179,480,171,False,2023-01-01 16:45:14.401732065+00:00,Good morning everyone!
u199,0,179,480,171,False,2023-01-01 16:57:51.194674682+00:00,Good morning everyone!
u199,0,179,480,171,False,2023-01-01 17:14:02.700840363+00:00,Good morning everyone!
u199,0,179,480,171,False,2023-01-01 18:57:56.659983131+00:00,Good morning everyone!
u200,0,220,402,404,False,2023-01-01 10:37:30.468473108+00:00,Good morning everyone!
u200,0,220,402,404,False,2023-01-01 11:41:17.197262814+00:00,Good morning everyone!
u200,0,220,402,404,False,2023-01-01 12:46:21.558811178+00:00,Good morning everyone!
u200,0,220,402,404,False,2023-01-01 14:45:09.565611877+00:00,Good morning everyone!
u200,0,220,402,404,False,2023-01-01 15:11:40.420686422+00:00,Good morning everyone!
u200,0,220,402,404,False,2023-01-01 16:53:03.066682145+00:00,Good morning everyone!
u200,0,220,402,404,False,2023-01-01 17:08:44.615003130+00:00,Good morning everyone!
u200,0,220,402,404,False,2023-01-01 18:11:17.096882311+00:00,Good morning everyone!
u200,0,220,402,404,False,2023-01-01 19:58:46.906720268+00:00,Good morning everyone!
u200,0,220,402,404,False,2023-01-01 21:21:57.318893255+00:00,Good morning everyone!
u201,0,1170,461,3484,False,2023-01-01 09:56:02.593622985+00:00,Good morning everyone!
u201,0,1170,461,3484,False,2023-01-01 10:46:22.028642078+00:00,Good morning everyone!
u201,0,1170,461,3484,False,2023-01-01 11:53:43.553829120+00:00,Good morning everyone!
u201,0,1170,461,3484,False,2023-01-01 12:54:34.258168068+00:00,Good morning everyone!
u201,0,1170,461,3484,False,2023-01-01 13:40:31.787290456+00:00,Good morning everyone!
u201,0,1170,461,3484,False,2023-01-01 14:24:07.959332105+00:00,Good morning everyone!
u201,0,1170,461,3484,False,2023-01-01 15:01:43.588417028+00:00,Good morning everyone!
u201,0,1170,461,3484,False,2023-01-01 15:51:52.900246467+00:00,Good morning everyone!
u201,0,1170,461,3484,False,2023-01-01 16:18:22.514000831+00:00,Good morning everyone!
u201,0,1170,461,3484,False,2023-01-01 18:04:18.402394054+00:00,Good morning everyone!
u202,0,266,480,11080,False,2023-01-01 10:43:14.598688786+00:00,Good morning everyone!
u202,0,266,480,11080,False,2023-01-01 11:19:22.334124330+00:00,Good morning everyone!
u202,0,266,480,11080,False,2023-01-01 11:45:56.298046955+00:00,Good morning everyone!
u202,0,266,480,11080,False,2023-01-01 11:56:53.171944037+00:00,Good morning everyone!
u202,0,266,480,11080,False,2023-01-01 12:12:05.024180489+00:00,Good morning everyone!
u202,0,266,480,11080,False,2023-01-01 13:45:55.883079292+00:00,Good morning everyone!
u202,0,266,480,11080,False,2023-01-01 15:44:31.312870767+00:00,Good morning everyone!
u202,0,266,480,11080,False,2023-01-01 15:59:27.522999110+00:00,Good morning everyone!
u202,0,266,480,11080,False,2023-01-01 17:31:44.791329037+00:00,Good morning everyone!
u202,0,266,480,11080,False,2023-01-01 17:49:39.081623587+00:00,Good morning everyone!
u203,0,1946,150,4897,False,2023-01-01 09:49:30.749021967+00:00,Good morning everyone!
u203,0,1946,150,4897,False,2023-01-01 10:00:42.918181297+00:00,Good morning everyone!
u203,0,1946,150,4897,False,2023-01-01 11:16:11.167905324+00:00,Good morning everyone!
u203,0,1946,150,4897,False,2023-01-01 13:15:13.382451048+00:00,Good morning everyone!
u203,0,1946,150,4897,False,2023-01-01 13:53:33.657441782+00:00,Good morning everyone!
u203,0,1946,150,4897,False,2023-01-01 14:24:24.299871217+00:00,Good morning everyone!
u203,0,1946,150,4897,False,2023-01-01 14:48:02.210763390+00:00,Good morning everyone!
u203,0,1946,150,4897,False,2023-01-01 15:59:06.897854730+00:00,Good morning everyone!
u203,0,1946,150,4897,False,2023-01-01 17:14:43.435510507+00:00,Good morning everyone!
u203,0,1946,150,4897,False,2023-01-01 18:51:52.423035831+00:00,Good morning everyone!
u204,0,1776,400,6579,False,2023-01-01 09:37:11.962748324+00:00,Good morning everyone!
u204,0,1776,400,6579,False,2023-01-01 10:48:20.753620504+00:00,Good morning everyone!
u204,0,1776,400,6579,False,2023-01-01 11:31:03.672550521+00:00,Good morning everyone!
u204,0,1776,400,6579,False,2023-01-01 12:17:20.256055560+00:00,Good morning everyone!
u204,0,1776,400,6579,False,2023-01-01 14:09:51.088892477+00:00,Good morning everyone!
u204,0,1776,400,6579,False,2023-01-01 15:34:51.601865919+00:00,Good morning everyone!
u204,0,1776,400,6579,False,2023-01-01 17:32:03.898593376+00:00,Good morning everyone!
u204,0,1776,400,6579,False,2023-01-01 18:27:55.521335719+00:00,Good morning everyone!
u204,0,1776,400,6579,False,2023-01-01 19:37:02.609319855+00:00,Good morning everyone!
u204,0,1776,400,6579,False,2023-01-01 20:40:37.571091303+00:00,Good morning everyone!
u205,0,123,719,1250,False,2023-01-01 10:08:02.399979989+00:00,Good morning everyone!
u205,0,123,719,1250,False,2023-01-01 10:25:27.070393866+00:00,Good morning everyone!
u205,0,123,719,1250,False,2023-01-01 12:17:54.719127304+00:00,Good morning everyone!
u205,0,123,719,1250,False,2023-01-01 12:41:32.087428130+00:00,Good morning everyone!
u205,0,123,719,1250,False,2023-01-01 13:13:18.760354481+00:00,Good morning everyone!
u205,0,123,719,1250,False,2023-01-01 14:47:29.880432476+00:00,Good morning everyone!
u205,0,123,719,1250,False,2023-01-01 15:08:09.648408285+00:00,Good morning everyone!
u205,0,123,719,1250,False,2023-01-01 16:57:11.483865746+00:00,Good morning everyone!
u205,0,123,719,1250,False,2023-01-01 18:27:01.110272514+00:00,Good morning everyone!
u205,0,123,719,1250,False,2023-01-01 18:44:34.007929432+00:00,Good morning everyone!
u206,0,982,684,5506,False,2023-01-01 10:41:06.105826429+00:00,Good morning everyone!
u206,0,982,684,5506,False,2023-01-01 12:10:07.219543371+00:00,Good morning everyone!
u206,0,982,684,5506,False,2023-01-01 13:24:35.983092159+00:00,Good morning everyone!
u206,0,982,684,5506,False,2023-01-01 14:10:04.240994798+00:00,Good morning everyone!
u206,0,982,684,5506,False,2023-01-01 15:36:46.247162875+00:00,Good morning everyone!
u206,0,982,684,5506,False,2023-01-01 17:32:02.259621438+00:00,Good morning everyone!
u206,0,982,684,5506,False,2023-01-01 18:46:39.903372928+00:00,Good morning everyone!
u206,0,982,684,5506,False,2023-01-01 20:09:44.579504594+00:00,Good morning everyone!
u206,0,982,684,5506,False,2023-01-01 21:07:49.624583112+00:00,Good morning everyone!
u206,0,982,684,5506,False,2023-01-01 22:41:00.021927416+00:00,Good morning everyone!
u207,0,1311,523,4711,False,2023-01-01 10:02:57.077621926+00:00,Good morning everyone!
u207,0,1311,523,4711,False,2023-01-01 11:15:49.438199670+00:00,Good morning everyone!
u207,0,1311,523,4711,False,2023-01-01 11:31:13.326914650+00:00,Good morning everyone!
u207,0,1311,523,4711,False,2023-01-01 12:25:41.551526430+00:00,Good morning everyone!
u207,0,1311,523,4711,False,2023-01-01 13:39:49.208056062+00:00,Good morning everyone!
u207,0,1311,523,4711,False,2023-01-01 14:54:11.470974674+00:00,Good morning everyone!
u207,0,1311,523,4711,False,2023-01-01 16:16:29.875122345+00:00,Good morning everyone!
u207,0,1311,523,4711,False,2023-01-01 17:45:43.300913762+00:00,Good morning everyone!
u207,0,1311,523,4711,False,2023-01-01 19:06:17.512455811+00:00,Good morning everyone!
u207,0,1311,523,4711,False,2023-01-01 20:43:13.117281381+00:00,Good morning everyone!
u208,0,2626,760,11740,False,2023-01-01 09:21:07.876220571+00:00,Good morning everyone!
u208,0,2626,760,11740,False,2023-01-01 10:01:10.709389359+00:00,Good morning everyone!
u208,0,2626,760,11740,False,2023-01-01 11:09:11.547941702+00:00,Good morning everyone!
u208,0,2626,760,11740,False,2023-01-01 12:55:13.263563353+00:00,Good morning everyone!
u208,0,2626,760,11740,False,2023-01-01 14:19:55.003834853+00:00,Good morning everyone!
u208,0,2626,760,11740,False,2023-01-01 14:39:51.697152767+00:00,Good morning everyone!
u208,0,2626,760,11740,False,2023-01-01 15:55:00.711825700+00:00,Good morning everyone!
u208,0,2626,760,11740,False,2023-01-01 16:29:24.182544104+00:00,Good morning everyone!
u208,0,2626,760,11740,False,2023-01-01 18:00:08.691838709+00:00,Good morning everyone!
u208,0,2626,760,11740,False,2023-01-01 19:41:09.801465266+00:00,Good morning everyone!
u209,0,1148,453,4029,False,2023-01-01 09:47:14.703525191+00:00,Good morning everyone!
u209,0,1148,453,4029,False,2023-01-01 10:46:19.953664855+00:00,Good morning everyone!
u209,0,1148,453,4029,False,2023-01-01 12:31:23.068800036+00:00,Good morning everyone!
u209,0,1148,453,4029,False,2023-01-01 14:00:56.982984419+00:00,Good morning everyone!
u209,0,1148,453,4029,False,2023-01-01 15:08:07.357138411+00:00,Good morning everyone!
u209,0,1148,453,4029,False,2023-01-01 15:58:37.690887650+00:00,Good morning everyone!
u209,0,1148,453,4029,False,2023-01-01 16:14:10.197160354+00:00,Good morning everyone!
u209,0,1148,453,4029,False,2023-01-01 16:39:54.046009108+00:00,Good morning everyone!
u209,0,1148,453,4029,False,2023-01-01 17:11:08.012260067+00:00,Good morning everyone!
u209,0,1148,453,4029,False,2023-01-01 18:02:12.343645574+00:00,Good morning everyone!
u210,0,2098,336,3897,False,2023-01-01 09:21:37.950907245+00:00,Good morning everyone!
u210,0,2098,336,3897,False,2023-01-01 10:08:50.767369624+00:00,Good morning everyone!
u210,0,2098,336,3897,False,2023-01-01 11:48:34.589564260+00:00,Good morning everyone!
u210,0,2098,336,3897,False,2023-01-01 12:40:44.652000769+00:00,Good morning everyone!
u210,0,2098,336,3897,False,2023-01-01 14:15:43.190320516+00:00,Good morning everyone!
u210,0,2098,336,3897,False,2023-01-01 15:54:01.043162953+00:00,Good morning everyone!
u210,0,2098,336,3897,False,2023-01-01 16:16:12.460242964+00:00,Good morning everyone!
u210,0,2098,336,3897,False,2023-01-01 17:33:09.614610300+00:00,Good morning everyone!
u210,0,2098,336,3897,False,2023-01-01 19:28:39.648628549+00:00,Good morning everyone!
u210,0,2098,336,3897,False,2023-01-01 20:22:53.759922912+00:00,Good morning everyone!
u211,0,27,428,2748,False,2023-01-01 10:47:12.197458378+00:00,Good morning everyone!
u211,0,27,428,2748,False,2023-01-01 11:54:38.331009957+00:00,Good morning everyone!
u211,0,27,428,2748,False,2023-01-01 13:05:23.201604227+00:00,Good morning everyone!
u211,0,27,428,2748,False,2023-01-01 13:38:40.692882549+00:00,Good morning everyone!
u211,0,27,428,2748,False,2023-01-01 15:18:49.067869143+00:00,Good morning everyone!
u211,0,27,428,2748,False,2023-01-01 16:23:39.828122531+00:00,Good morning everyone!
u211,0,27,428,2748,False,2023-01-01 16:37:23.421570471+00:00,Good morning everyone!
u211,0,27,428,2748,False,2023-01-01 18:02:31.320283034+00:00,Good morning everyone!
u211,0,27,428,2748,False,2023-01-01 19:57:04.595663731+00:00,Good morning everyone!
u211,0,27,428,2748,False,2023-01-01 21:38:16.988900012+00:00,Good morning everyone!
u212,0,449,683,8273,False,2023-01-01 10:53:04.613984206+00:00,Good morning everyone!
u212,0,449,683,8273,False,2023-01-01 12:01:38.555094310+00:00,Good morning everyone!
u212,0,449,683,8273,False,2023-01-01 13:22:17.850011342+00:00,Good morning everyone!
u212,0,449,683,8273,False,2023-01-01 14:23:11.010412033+00:00,Good morning everyone!
u212,0,449,683,8273,False,2023-01-01 15:19:21.461834884+00:00,Good morning everyone!
u212,0,449,683,8273,False,2023-01-01 15:42:29.821512013+00:00,Good morning everyone!
u212,0,449,683,8273,False,2023-01-01 16:03:08.390641196+00:00,Good morning everyone!
u212,0,449,683,8273,False,2023-01-01 16:38:44.422809258+00:00,Good morning everyone!
u212,0,449,683,8273,False,2023-01-01 18:20:46.251735541+00:00,Good morning everyone!
u212,0,449,683,8273,False,2023-01-01 18:46:48.744920396+00:00,Good morning everyone!
u213,0,329,89,2251,False,2023-01-01 09:33:39.866039316+00:00,Good morning everyone!
u213,0,329,89,2251,False,2023-01-01 10:01:37.030158453+00:00,Good morning everyone!
u213,0,329,89,2251,False,2023-01-01 11:13:34.917353659+00:00,Good morning everyone!
u213,0,329,89,2251,False,2023-01-01 12:04:04.332942236+00:00,Good morning everyone!
u213,0,329,89,2251,False,2023-01-01 13:22:56.984228783+00:00,Good morning everyone!
u213,0,329,89,2251,False,2023-01-01 15:13:17.539475480+00:00,Good morning everyone!
u213,0,329,89,2251,False,2023-01-01 15:39:54.094142951+00:00,Good morning everyone!
u213,0,329,89,2251,False,2023-01-01 17:30:22.756297717+00:00,Good morning everyone!
u213,0,329,89,2251,False,2023-01-01 19:19:39.190082708+00:00,Good morning everyone!
u213,0,329,89,2251,False,2023-01-01 21:00:51.168132724+00:00,Good morning everyone!
u214,0,1725,453,6230,False,2023-01-01 10:25:57.270638037+00:00,Good morning everyone!
u214,0,1725,453,6230,False,2023-01-01 10:37:46.053161971+00:00,Good morning everyone!
u214,0,1725,453,6230,False,2023-01-01 12:33:09.464184431+00:00,Good morning everyone!
u214,0,1725,453,6230,False,2023-01-01 13:47:34.449010103+00:00,Good morning everyone!
u214,0,1725,453,6230,False,2023-01-01 15:23:32.123550158+00:00,Good morning everyone!
u214,0,1725,453,6230,False,2023-01-01 16:15:02.183687962+00:00,Good morning everyone!
u214,0,1725,453,6230,False,2023-01-01 16:26:24.005299806+00:00,Good morning everyone!
u214,0,1725,453,6230,False,2023-01-01 17:32:28.254054990+00:00,Good morning everyone!
u214,0,1725,453,6230,False,2023-01-01 18:38:15.708842475+00:00,Good morning everyone!
u214,0,1725,453,6230,False,2023-01-01 19:36:19.838145330+00:00,Good morning everyone!
u215,0,1105,515,1830,False,2023-01-01 10:08:01.796171681+00:00,Good morning everyone!
u215,0,1105,515,1830,False,2023-01-01 10:59:18.631893658+00:00,Good morning everyone!
u215,0,1105,515,1830,False,2023-01-01 12:56:00.182321786+00:00,Good morning everyone!
u215,0,1105,515,1830,False,2023-01-01 13:25:01.502553047+00:00,Good morning everyone!
u215,0,1105,515,1830,False,2023-01-01 14:10:11.295299385+00:00,Good morning everyone!
u215,0,1105,515,1830,False,2023-01-01 14:52:31.434407487+00:00,Good morning everyone!
u215,0,1105,515,1830,False,2023-01-01 16:02:17.274970644+00:00,Good morning everyone!
u215,0,1105,515,1830,False,2023-01-01 17:07:12.524666673+00:00,Good morning everyone!
u215,0,1105,515,1830,False,2023-01-01 18:28:01.211738473+00:00,Good morning everyone!
u215,0,1105,515,1830,False,2023-01-01 20:22:31.223424262+00:00,Good morning everyone!
u216,0,240,461,71,False,2023-01-01 09:38:51.763920041+00:00,Good morning everyone!
u216,0,240,461,71,False,2023-01-01 10:39:52.314124818+00:00,Good morning everyone!
u216,0,240,461,71,False,2023-01-01 10:53:16.879728793+00:00,Good morning everyone!
u216,0,240,461,71,False,2023-01-01 12:11:13.498168447+00:00,Good morning everyone!
u216,0,240,461,71,False,2023-01-01 13:35:50.348183898+00:00,Good morning everyone!
u216,0,240,461,71,False,2023-01-01 15:07:58.777501829+00:00,Good morning everyone!
u216,0,240,461,71,False,2023-01-01 16:14:48.169233792+00:00,Good morning everyone!
u216,0,240,461,71,False,2023-01-01 17:31:14.204022650+00:00,Good morning everyone!
u216,0,240,461,71,False,2023-01-01 18:24:48.234681088+00:00,Good morning everyone!
u216,0,240,461,71,False,2023-01-01 18:39:20.504695631+00:00,Good morning everyone!
u217,0,50,569,9171,False,2023-01-01 10:59:30.664977266+00:00,Good morning everyone!
u217,0,50,569,9171,False,2023-01-01 11:11:14.966355743+00:00,Good morning everyone!
u217,0,50,569,9171,False,2023-01-01 12:22:35.017434797+00:00,Good morning everyone!
u217,0,50,569,9171,False,2023-01-01 13:55:11.675203821+00:00,Good morning everyone!
u217,0,50,569,9171,False,2023-01-01 15:36:08.389068712+00:00,Good morning everyone!
u217,0,50,569,9171,False,2023-01-01 16:46:06.741416781+00:00,Good morning everyone!
u217,0,50,569,9171,False,2023-01-01 18:04:18.186885996+00:00,Good morning everyone!
u217,0,50,569,9171,False,2023-01-01 19:30:56.571524808+00:00,Good morning everyone!
u217,0,50,569,9171,False,2023-01-01 21:15:25.748772784+00:00,Good morning everyone!
u217,0,50,569,9171,False,2023-01-01 21:38:52.859718322+00:00,Good morning everyone!
u218,0,300,335,3837,False,2023-01-01 09:18:26.486815294+00:00,Good morning everyone!
u218,0,300,335,3837,False,2023-01-01 09:49:51.033011886+00:00,Good morning everyone!
u218,0,300,335,3837,False,2023-01-01 10:00:16.734378001+00:00,Good morning everyone!
u218,0,300,335,3837,False,2023-01-01 10:59:15.428634538+00:00,Good morning everyone!
u218,0,300,335,3837,False,2023-01-01 11:46:02.199530872+00:00,Good morning everyone!
u218,0,300,335,3837,False,2023-01-01 12:14:17.752746686+00:00,Good morning everyone!
u218,0,300,335,3837,False,2023-01-01 13:13:54.947807991+00:00,Good morning everyone!
u218,0,300,335,3837,False,2023-01-01 14:08:10.595636927+00:00,Good morning everyone!
u218,0,300,335,3837,False,2023-01-01 15:42:37.158452738+00:00,Good morning everyone!
u218,0,300,335,3837,False,2023-01-01 17:30:51.818472800+00:00,Good morning everyone!
u219,0,1408,69,637,False,2023-01-01 09:42:29.579245085+00:00,Good morning everyone!
u219,0,1408,69,637,False,2023-01-01 11:32:57.480004178+00:00,Good morning everyone!
u219,0,1408,69,637,False,2023-01-01 11:52:43.127658030+00:00,Good morning everyone!
u219,0,1408,69,637,False,2023-01-01 12:47:28.376198009+00:00,Good morning everyone!
u219,0,1408,69,637,False,2023-01-01 14:41:08.906684949+00:00,Good morning everyone!
u219,0,1408,69,637,False,2023-01-01 16:35:43.294638647+00:00,Good morning everyone!
u219,0,1408,69,637,False,2023-01-01 17:30:57.235607169+00:00,Good morning everyone!
u219,0,1408,69,637,False,2023-01-01 18:54:22.055068621+00:00,Good morning everyone!
u219,0,1408,69,637,False,2023-01-01 19:54:36.576017757+00:00,Good morning everyone!
u219,0,1408,69,637,False,2023-01-01 21:27:29.415578036+00:00,Good morning everyone!
u220,0,78,126,10398,False,2023-01-01 09:35:34.844932124+00:00,Good morning everyone!
u220,0,78,126,10398,False,2023-01-01 10:58:50.790107300+00:00,Good morning everyone!
u220,0,78,126,10398,False,2023-01-01 11:47:28.861428544+00:00,Good morning everyone!
u220,0,78,126,10398,False,2023-01-01 13:35:00.722112187+00:00,Good morning everyone!
u220,0,78,126,10398,False,2023-01-01 15:15:07.834056882+00:00,Good morning everyone!
u220,0,78,126,10398,False,2023-01-01 16:19:20.563537335+00:00,Good morning everyone!
u220,0,78,126,10398,False,2023-01-01 17:54:21.671112161+00:00,Good morning everyone!
u220,0,78,126,10398,False,2023-01-01 18:34:11.181161312+00:00,Good morning everyone!
u220,0,78,126,10398,False,2023-01-01 19:38:33.295688270+00:00,Good morning everyone!
u220,0,78,126,10398,False,2023-01-01 20:10:16.677230567+00:00,Good morning everyone!
u221,0,2674,158,8503,False,2023-01-01 10:49:14.187811499+00:00,Good morning everyone!
u221,0,2674,158,8503,False,2023-01-01 12:35:45.535887579+00:00,Good morning everyone!
u221,0,2674,158,8503,False,2023-01-01 14:31:18.871217171+00:00,Good morning everyone!
u221,0,2674,158,8503,False,2023-01-01 15:06:25.890345941+00:00,Good morning everyone!
u221,0,2674,158,8503,False,2023-01-01 16:58:55.930665190+00:00,Good morning everyone!
u221,0,2674,158,8503,False,2023-01-01 18:11:45.937728113+00:00,Good morning everyone!
u221,0,2674,158,8503,False,2023-01-01 19:08:14.405281972+00:00,Good morning everyone!
u221,0,2674,158,8503,False,2023-01-01 20:19:52.872995359+00:00,Good morning everyone!
u221,0,2674,158,8503,False,2023-01-01 21:07:34.048549250+00:00,Good morning everyone!
u221,0,2674,158,8503,False,2023-01-01 21:49:18.498395192+00:00,Good morning everyone!
u222,0,131,795,2756,False,2023-01-01 10:47:39.227059711+00:00,Good morning everyone!
u222,0,131,795,2756,False,2023-01-01 12:06:58.230056921+00:00,Good morning everyone!
u222,0,131,795,2756,False,2023-01-01 13:14:16.669233109+00:00,Good morning everyone!
u222,0,131,795,2756,False,2023-01-01 14:11:25.382493565+00:00,Good morning everyone!
u222,0,131,795,2756,False,2023-01-01 15:12:30.433227258+00:00,Good morning everyone!
u222,0,131,795,2756,False,2023-01-01 15:45:31.663721232+00:00,Good morning everyone!
u222,0,131,795,2756,False,2023-01-01 17:26:03.040510706+00:00,Good morning everyone!
u222,0,131,795,2756,False,2023-01-01 17:57:52.368068364+00:00,Good morning everyone!
u222,0,131,795,2756,False,2023-01-01 19:26:42.078262764+00:00,Good morning everyone!
u222,0,131,795,2756,False,2023-01-01 21:00:17.979338638+00:00,Good morning everyone!
u223,0,373,111,8285,False,2023-01-01 10:30:14.109033355+00:00,Good morning everyone!
u223,0,373,111,8285,False,2023-01-01 12:08:05.857896582+00:00,Good morning everyone!
u223,0,373,111,8285,False,2023-01-01 13:31:12.083979462+00:00,Good morning everyone!
u223,0,373,111,8285,False,2023-01-01 15:14:17.947891595+00:00,Good morning everyone!
u223,0,373,111,8285,False,2023-01-01 17:13:32.400385531+00:00,Good morning everyone!
u223,0,373,111,8285,False,2023-01-01 18:09:45.475225393+00:00,Good morning everyone!
u223,0,373,111,8285,False,2023-01-01 19:49:17.318737876+00:00,Good morning everyone!
u223,0,373,111,8285,False,2023-01-01 21:21:11.545150695+00:00,Good morning everyone!
u223,0,373,111,8285,False,2023-01-01 22:21:00.488244394+00:00,Good morning everyone!
u223,0,373,111,8285,False,2023-01-02 00:12:58.351642628+00:00,Good morning everyone!
u224,0,180,356,952,False,2023-01-01 09:34:50.116280837+00:00,Good morning everyone!
u224,0,180,356,952,False,2023-01-01 11:17:18.711006359+00:00,Good morning everyone!
u224,0,180,356,952,False,2023-01-01 12:10:55.958977029+00:00,Good morning everyone!
u224,0,180,356,952,False,2023-01-01 13:04:16.913967169+00:00,Good morning everyone!
u224,0,180,356,952,False,2023-01-01 13:41:20.388687227+00:00,Good morning everyone!
u224,0,180,356,952,False,2023-01-01 14:45:25.016893590+00:00,Good morning everyone!
u224,0,180,356,952,False,2023-01-01 16:24:03.408838504+00:00,Good morning everyone!
u224,0,180,356,952,False,2023-01-01 18:12:31.492015810+00:00,Good morning everyone!
u224,0,180,356,952,False,2023-01-01 18:30:14.247267301+00:00,Good morning everyone!
u224,0,180,356,952,False,2023-01-01 19:43:28.064093485+00:00,Good morning everyone!
u225,0,745,474,583,False,2023-01-01 09:59:12.019533594+00:00,Good morning everyone!
u225,0,745,474,583,False,2023-01-01 10:53:03.075351226+00:00,Good morning everyone!
u225,0,745,474,583,False,2023-01-01 11:54:57.488053260+00:00,Good morning everyone!
u225,0,745,474,583,False,2023-01-01 13:08:58.682303052+00:00,Good morning everyone!
u225,0,745,474,583,False,2023-01-01 14:14:05.171495861+00:00,Good morning everyone!
u225,0,745,474,583,False,2023-01-01 15:16:01.324872597+00:00,Good morning everyone!
u225,0,745,474,583,False,2023-01-01 16:55:59.037918320+00:00,Good morning everyone!
u225,0,745,474,583,False,2023-01-01 18:28:00.314660489+00:00,Good morning everyone!
u225,0,745,474,583,False,2023-01-01 19:15:33.412722084+00:00,Good morning everyone!
u225,0,745,474,583,False,2023-01-01 20:53:37.221697685+00:00,Good morning everyone!
u226,0,390,254,1871,False,2023-01-01 09:41:23.059157754+00:00,Good morning everyone!
u226,0,390,254,1871,False,2023-01-01 11:12:41.596482470+00:00,Good morning everyone!
u226,0,390,254,1871,False,2023-01-01 11:48:57.579656237+00:00,Good morning everyone!
u226,0,390,254,1871,False,2023-01-01 13:12:48.842915779+00:00,Good morning everyone!
u226,0,390,254,1871,False,2023-01-01 13:50:52.665645759+00:00,Good morning everyone!
u226,0,390,254,1871,False,2023-01-01 14:57:06.214484396+00:00,Good morning everyone!
u226,0,390,254,1871,False,2023-01-01 16:51:27.281172642+00:00,Good morning everyone!
u226,0,390,254,1871,False,2023-01-01 17:43:23.910926454+00:00,Good morning everyone!
u226,0,390,254,1871,False,2023-01-01 19:29:43.784933811+00:00,Good morning everyone!
u226,0,390,254,1871,False,2023-01-01 21:28:17.619169756+00:00,Good morning everyone!
u227,0,1528,165,2780,False,2023-01-01 10:40:09.744248932+00:00,Good morning everyone!
u227,0,1528,165,2780,False,2023-01-01 10:53:41.930256595+00:00,Good morning everyone!
u227,0,1528,165,2780,False,2023-01-01 11:46:57.722689010+00:00,Good morning everyone!
u227,0,1528,165,2780,False,2023-01-01 13:32:44.562952907+00:00,Good morning everyone!
u227,0,1528,165,2780,False,2023-01-01 14:58:30.327557122+00:00,Good morning everyone!
u227,0,1528,165,2780,False,2023-01-01 16:07:06.414377551+00:00,Good morning everyone!
u227,0,1528,165,2780,False,2023-01-01 16:59:46.316943096+00:00,Good morning everyone!
u227,0,1528,165,2780,False,2023-01-01 18:39:07.476789799+00:00,Good morning everyone!
u227,0,1528,165,2780,False,2023-01-01 20:07:10.562255857+00:00,Good morning everyone!
u227,0,1528,165,2780,False,2023-01-01 21:08:42.037365320+00:00,Good morning everyone!
u228,0,1998,283,3635,False,2023-01-01 10:20:42.504844601+00:00,Good morning everyone!
u228,0,1998,283,3635,False,2023-01-01 12:17:37.667506432+00:00,Good morning everyone!
u228,0,1998,283,3635,False,2023-01-01 12:54:49.560890256+00:00,Good morning everyone!
u228,0,1998,283,3635,False,2023-01-01 13:32:17.385391219+00:00,Good morning everyone!
u228,0,1998,283,3635,False,2023-01-01 13:57:38.077787769+00:00,Good morning everyone!
u228,0,1998,283,3635,False,2023-01-01 15:42:17.797252574+00:00,Good morning everyone!
u228,0,1998,283,3635,False,2023-01-01 16:17:12.021019288+00:00,Good morning everyone!
u228,0,1998,283,3635,False,2023-01-01 17:22:32.999295672+00:00,Good morning everyone!
u228,0,1998,283,3635,False,2023-01-01 19:21:32.757650486+00:00,Good morning everyone!
u228,0,1998,283,3635,False,2023-01-01 19:32:52.887596571+00:00,Good morning everyone!
u229,0,881,222,3934,False,2023-01-01 10:38:49.152684307+00:00,Good morning everyone!
u229,0,881,222,3934,False,2023-01-01 11:27:54.010845355+00:00,Good morning everyone!
u229,0,881,222,3934,False,2023-01-01 12:23:02.263814088+00:00,Good morning everyone!
u229,0,881,222,3934,False,2023-01-01 12:51:30.654486040+00:00,Good morning everyone!
u229,0,881,222,3934,False,2023-01-01 14:23:00.035014836+00:00,Good morning everyone!
u229,0,881,222,3934,False,2023-01-01 15:59:19.113815477+00:00,Good morning everyone!
u229,0,881,222,3934,False,2023-01-01 16:24:21.091732617+00:00,Good morning everyone!
u229,0,881,222,3934,False,2023-01-01 17:17:37.908420939+00:00,Good morning everyone!
u229,0,881,222,3934,False,2023-01-01 19:05:51.081390332+00:00,Good morning everyone!
u229,0,881,222,3934,False,2023-01-01 19:16:08.949396592+00:00,Good morning everyone!
u230,0,448,198,850,False,2023-01-01 09:39:55.498248572+00:00,Good morning everyone!
u230,0,448,198,850,False,2023-01-01 10:40:31.745648933+00:00,Good morning everyone!
u230,0,448,198,850,False,2023-01-01 11:10:29.798162456+00:00,Good morning everyone!
u230,0,448,198,850,False,2023-01-01 12:18:45.324752788+00:00,Good morning everyone!
u230,0,448,198,850,False,2023-01-01 13:46:29.517833455+00:00,Good morning everyone!
u230,0,448,198,850,False,2023-01-01 14:59:46.464520803+00:00,Good morning everyone!
u230,0,448,198,850,False,2023-01-01 15:20:00.986104469+00:00,Good morning everyone!
u230,0,448,198,850,False,2023-01-01 17:02:54.082957961+00:00,Good morning everyone!
u230,0,448,198,850,False,2023-01-01 17:32:08.936685378+00:00,Good morning everyone!
u230,0,448,198,850,False,2023-01-01 19:06:16.695889411+00:00,Good morning everyone!
u231,0,1035,466,6391,False,2023-01-01 09:32:41.401162475+00:00,Good morning everyone!
u231,0,1035,466,6391,False,2023-01-01 10:03:13.371046864+00:00,Good morning everyone!
u231,0,1035,466,6391,False,2023-01-01 11:07:53.741631899+00:00,Good morning everyone!
u231,0,1035,466,6391,False,2023-01-01 11:21:31.119328908+00:00,Good morning everyone!
u231,0,1035,466,6391,False,2023-01-01 11:56:18.081764871+00:00,Good morning everyone!
u231,0,1035,466,6391,False,2023-01-01 13:25:56.562629287+00:00,Good morning everyone!
u231,0,1035,466,6391,False,2023-01-01 15:08:03.293586102+00:00,Good morning everyone!
u231,0,1035,466,6391,False,2023-01-01 15:26:56.476988091+00:00,Good morning everyone!
u231,0,1035,466,6391,False,2023-01-01 17:13:58.189870382+00:00,Good morning everyone!
u231,0,1035,466,6391,False,2023-01-01 18:51:41.803417132+00:00,Good morning everyone!
u232,0,2629,431,9844,False,2023-01-01 10:07:45.615340076+00:00,Good morning everyone!
u232,0,2629,431,9844,False,2023-01-01 11:29:34.011021718+00:00,Good morning everyone!
u232,0,2629,431,9844,False,2023-01-01 13:20:40.134807857+00:00,Good morning everyone!
u232,0,2629,431,9844,False,2023-01-01 13:41:43.580017207+00:00,Good morning everyone!
u232,0,2629,431,9844,False,2023-01-01 14:26:27.625570991+00:00,Good morning everyone!
u232,0,2629,431,9844,False,2023-01-01 14:44:25.828396723+00:00,Good morning everyone!
u232,0,2629,431,9844,False,2023-01-01 16:38:21.542531553+00:00,Good morning everyone!
u232,0,2629,431,9844,False,2023-01-01 17:37:20.294607148+00:00,Good morning everyone!
u232,0,2629,431,9844,False,2023-01-01 19:01:37.568113610+00:00,Good morning everyone!
u232,0,2629,431,9844,False,2023-01-01 20:44:08.960539338+00:00,Good morning everyone!
u233,0,475,573,9439,False,2023-01-01 09:15:22.577487215+00:00,Good morning everyone!
u233,0,475,573,9439,False,2023-01-01 10:48:19.575184439+00:00,Good morning everyone!
u233,0,475,573,9439,False,2023-01-01 11:37:20.762304336+00:00,Good morning everyone!
u233,0,475,573,9439,False,2023-01-01 12:58:41.501128040+00:00,Good morning everyone!
u233,0,475,573,9439,False,2023-01-01 14:05:14.219221896+00:00,Good morning everyone!
u233,0,475,573,9439,False,2023-01-01 14:43:48.518085667+00:00,Good morning everyone!
u233,0,475,573,9439,False,2023-01-01 15:08:40.979074893+00:00,Good morning everyone!
u233,0,475,573,9439,False,2023-01-01 15:31:32.830813281+00:00,Good morning everyone!
u233,0,475,573,9439,False,2023-01-01 15:52:54.761674157+00:00,Good morning everyone!
u233,0,475,573,9439,False,2023-01-01 17:13:04.175939045+00:00,Good morning everyone!
u234,0,397,285,5778,False,2023-01-01 10:25:33.207134058+00:00,Good morning everyone!
u234,0,397,285,5778,False,2023-01-01 11:34:51.717863614+00:00,Good morning everyone!
u234,0,397,285,5778,False,2023-01-01 13:27:42.439454928+00:00,Good morning everyone!
u234,0,397,285,5778,False,2023-01-01 14:20:06.173382441+00:00,Good morning everyone!
u234,0,397,285,5778,False,2023-01-01 16:02:02.868992818+00:00,Good morning everyone!
u234,0,397,285,5778,False,2023-01-01 16:20:18.789085170+00:00,Good morning everyone!
u234,0,397,285,5778,False,2023-01-01 17:51:41.674305824+00:00,Good morning everyone!
u234,0,397,285,5778,False,2023-01-01 19:50:25.427237114+00:00,Good morning everyone!
u234,0,397,285,5778,False,2023-01-01 21:33:32.975464613+00:00,Good morning everyone!
u234,0,397,285,5778,False,2023-01-01 22:47:18.762612059+00:00,Good morning everyone!
u235,0,1535,212,1072,False,2023-01-01 10:24:44.602440503+00:00,Good morning everyone!
u235,0,1535,212,1072,False,2023-01-01 11:59:29.211969499+00:00,Good morning everyone!
u235,0,1535,212,1072,False,2023-01-01 13:59:17.519944876+00:00,Good morning everyone!
u235,0,1535,212,1072,False,2023-01-01 15:03:27.775197078+00:00,Good morning everyone!
u235,0,1535,212,1072,False,2023-01-01 15:20:12.382031182+00:00,Good morning everyone!
u235,0,1535,212,1072,False,2023-01-01 16:35:45.044506006+00:00,Good morning everyone!
u235,0,1535,212,1072,False,2023-01-01 16:58:50.603895888+00:00,Good morning everyone!
u235,0,1535,212,1072,False,2023-01-01 17:35:46.053183358+00:00,Good morning everyone!
u235,0,1535,212,1072,False,2023-01-01 18:21:56.000597975+00:00,Good morning everyone!
u235,0,1535,212,1072,False,2023-01-01 19:52:20.797760754+00:00,Good morning everyone!
u236,0,225,727,811,False,2023-01-01 10:46:03.383579935+00:00,Good morning everyone!
u236,0,225,727,811,False,2023-01-01 12:12:20.519380685+00:00,Good morning everyone!
u236,0,225,727,811,False,2023-01-01 12:26:44.166053761+00:00,Good morning everyone!
u236,0,225,727,811,False,2023-01-01 12:39:50.895270972+00:00,Good morning everyone!
u236,0,225,727,811,False,2023-01-01 13:51:18.145627707+00:00,Good morning everyone!
u236,0,225,727,811,False,2023-01-01 14:32:22.872676199+00:00,Good morning everyone!
u236,0,225,727,811,False,2023-01-01 15:48:01.266589049+00:00,Good morning everyone!
u236,0,225,727,811,False,2023-01-01 16:45:49.654148543+00:00,Good morning everyone!
u236,0,225,727,811,False,2023-01-01 18:37:23.517059790+00:00,Good morning everyone!
u236,0,225,727,811,False,2023-01-01 19:19:03.056558535+00:00,Good morning everyone!
u237,0,783,174,534,False,2023-01-01 10:55:08.679525646+00:00,Good morning everyone!
u237,0,783,174,534,False,2023-01-01 12:53:01.678813841+00:00,Good morning everyone!
u237,0,783,174,534,False,2023-01-01 14:24:19.571365349+00:00,Good morning everyone!
u237,0,783,174,534,False,2023-01-01 15:25:29.973677668+00:00,Good morning everyone!
u237,0,783,174,534,False,2023-01-01 15:59:41.930377227+00:00,Good morning everyone!
u237,0,783,174,534,False,2023-01-01 17:39:04.538222863+00:00,Good morning everyone!
u237,0,783,174,534,False,2023-01-01 19:10:04.475264033+00:00,Good morning everyone!
u237,0,783,174,534,False,2023-01-01 19:44:29.371925135+00:00,Good morning everyone!
u237,0,783,174,534,False,2023-01-01 20:44:07.392866572+00:00,Good morning everyone!
u237,0,783,174,534,False,2023-01-01 21:45:01.865856162+00:00,Good morning everyone!
u238,0,319,618,2569,False,2023-01-01 10:21:28.860988917+00:00,Good morning everyone!
u238,0,319,618,2569,False,2023-01-01 11:01:13.963512841+00:00,Good morning everyone!
u238,0,319,618,2569,False,2023-01-01 11:52:07.257827715+00:00,Good morning everyone!
u238,0,319,618,2569,False,2023-01-01 12:07:08.628911597+00:00,Good morning everyone!
u238,0,319,618,2569,False,2023-01-01 13:43:42.440407957+00:00,Good morning everyone!
u238,0,319,618,2569,False,2023-01-01 14:41:20.228628077+00:00,Good morning everyone!
u238,0,319,618,2569,False,2023-01-01 15:39:32.601784854+00:00,Good morning everyone!
u238,0,319,618,2569,False,2023-01-01 16:16:31.953133415+00:00,Good morning everyone!
u238,0,319,618,2569,False,2023-01-01 16:49:34.173191047+00:00,Good morning everyone!
u238,0,319,618,2569,False,2023-01-01 18:04:13.797926202+00:00,Good morning everyone!
u239,0,245,562,44,False,2023-01-01 10:34:25.548945473+00:00,Good morning everyone!
u239,0,245,562,44,False,2023-01-01 11:25:50.247212555+00:00,Good morning everyone!
u239,0,245,562,44,False,2023-01-01 12:17:39.802066290+00:00,Good morning everyone!
u239,0,245,562,44,False,2023-01-01 13:15:06.502724294+00:00,Good morning everyone!
u239,0,245,562,44,False,2023-01-01 14:54:45.798558787+00:00,Good morning everyone!
u239,0,245,562,44,False,2023-01-01 15:40:03.322071989+00:00,Good morning everyone!
u239,0,245,562,44,False,2023-01-01 17:13:26.361066290+00:00,Good morning everyone!
u239,0,245,562,44,False,2023-01-01 19:06:47.357015434+00:00,Good morning everyone!
u239,0,245,562,44,False,2023-01-01 20:29:29.087108537+00:00,Good morning everyone!
u239,0,245,562,44,False,2023-01-01 21:26:58.182244305+00:00,Good morning everyone!
